Date,Equity,Cash,Return,Peak,Drawdown
2020-07-27,1100.0,1100.0,,1100.0,0.0
2020-07-28,1100.0,1100.0,0.0,1100.0,0.0
2020-07-29,1100.0,1100.0,0.0,1100.0,0.0
2020-07-30,1100.0,1100.0,0.0,1100.0,0.0
2020-07-31,1100.0,1100.0,0.0,1100.0,0.0
2020-08-03,1100.0,1100.0,0.0,1100.0,0.0
2020-08-04,1100.0,1100.0,0.0,1100.0,0.0
2020-08-05,1100.0,1100.0,0.0,1100.0,0.0
2020-08-06,1100.0,1100.0,0.0,1100.0,0.0
2020-08-07,1100.0,1100.0,0.0,1100.0,0.0
2020-08-10,1100.0,1100.0,0.0,1100.0,0.0
2020-08-11,1100.0,1100.0,0.0,1100.0,0.0
2020-08-12,1100.0,1100.0,0.0,1100.0,0.0
2020-08-13,1100.0,1100.0,0.0,1100.0,0.0
2020-08-14,1100.0,1100.0,0.0,1100.0,0.0
2020-08-17,1100.0,1100.0,0.0,1100.0,0.0
2020-08-18,1100.0,1100.0,0.0,1100.0,0.0
2020-08-19,1100.0,1100.0,0.0,1100.0,0.0
2020-08-20,1100.0,1100.0,0.0,1100.0,0.0
2020-08-21,1100.0,1100.0,0.0,1100.0,0.0
2020-08-24,1100.0,1100.0,0.0,1100.0,0.0
2020-08-25,1100.0,1100.0,0.0,1100.0,0.0
2020-08-26,1100.0,1100.0,0.0,1100.0,0.0
2020-08-27,1100.0,1100.0,0.0,1100.0,0.0
2020-08-28,1100.0,1100.0,0.0,1100.0,0.0
2020-08-31,1100.0,1100.0,0.0,1100.0,0.0
2020-09-01,1100.0,1100.0,0.0,1100.0,0.0
2020-09-02,1100.0,1100.0,0.0,1100.0,0.0
2020-09-03,1100.0,1100.0,0.0,1100.0,0.0
2020-09-04,1100.0,1100.0,0.0,1100.0,0.0
2020-09-08,1100.0,1100.0,0.0,1100.0,0.0
2020-09-09,1100.0,1100.0,0.0,1100.0,0.0
2020-09-10,1100.0,1100.0,0.0,1100.0,0.0
2020-09-11,1100.0,1100.0,0.0,1100.0,0.0
2020-09-14,1100.0,1100.0,0.0,1100.0,0.0
2020-09-15,1100.0,1100.0,0.0,1100.0,0.0
2020-09-16,1100.0,1100.0,0.0,1100.0,0.0
2020-09-17,1100.0,1100.0,0.0,1100.0,0.0
2020-09-18,1100.0,1100.0,0.0,1100.0,0.0
2020-09-21,1100.0,1100.0,0.0,1100.0,0.0
2020-09-22,1100.0,1100.0,0.0,1100.0,0.0
2020-09-23,1100.0,1100.0,0.0,1100.0,0.0
2020-09-24,1100.0,1100.0,0.0,1100.0,0.0
2020-09-25,1100.0,1100.0,0.0,1100.0,0.0
2020-09-28,1100.0,1100.0,0.0,1100.0,0.0
2020-09-29,1100.0,1100.0,0.0,1100.0,0.0
2020-09-30,1100.0,1100.0,0.0,1100.0,0.0
2020-10-01,1100.0,1100.0,0.0,1100.0,0.0
2020-10-02,1100.0,1100.0,0.0,1100.0,0.0
2020-10-05,1100.0,1100.0,0.0,1100.0,0.0
2020-10-06,1100.0,1100.0,0.0,1100.0,0.0
2020-10-07,1100.0,1100.0,0.0,1100.0,0.0
2020-10-08,1100.0,1100.0,0.0,1100.0,0.0
2020-10-09,1100.0,1100.0,0.0,1100.0,0.0
2020-10-12,1100.0,1100.0,0.0,1100.0,0.0
2020-10-13,1100.0,1100.0,0.0,1100.0,0.0
2020-10-14,1100.0,1100.0,0.0,1100.0,0.0
2020-10-15,1100.0,1100.0,0.0,1100.0,0.0
2020-10-16,1100.0,1100.0,0.0,1100.0,0.0
2020-10-19,1100.0,1100.0,0.0,1100.0,0.0
2020-10-20,1100.0,1100.0,0.0,1100.0,0.0
2020-10-21,1100.0,1100.0,0.0,1100.0,0.0
2020-10-22,1100.0,1100.0,0.0,1100.0,0.0
2020-10-23,1100.0,1100.0,0.0,1100.0,0.0
2020-10-26,1100.0,1100.0,0.0,1100.0,0.0
2020-10-27,1100.0,1100.0,0.0,1100.0,0.0
2020-10-28,1100.0,1100.0,0.0,1100.0,0.0
2020-10-29,1100.0,1100.0,0.0,1100.0,0.0
2020-10-30,1100.0,1100.0,0.0,1100.0,0.0
2020-11-02,1100.0,1100.0,0.0,1100.0,0.0
2020-11-03,1100.0,1100.0,0.0,1100.0,0.0
2020-11-04,1100.0,1100.0,0.0,1100.0,0.0
2020-11-05,1100.0,1100.0,0.0,1100.0,0.0
2020-11-06,1100.0,1100.0,0.0,1100.0,0.0
2020-11-09,1100.0,1100.0,0.0,1100.0,0.0
2020-11-10,1100.0,1100.0,0.0,1100.0,0.0
2020-11-11,1100.0,1100.0,0.0,1100.0,0.0
2020-11-12,1100.0,1100.0,0.0,1100.0,0.0
2020-11-13,1100.0,1100.0,0.0,1100.0,0.0
2020-11-16,1100.0,1100.0,0.0,1100.0,0.0
2020-11-17,1100.0,1100.0,0.0,1100.0,0.0
2020-11-18,1100.0,1100.0,0.0,1100.0,0.0
2020-11-19,1100.0,1100.0,0.0,1100.0,0.0
2020-11-20,1100.0,1100.0,0.0,1100.0,0.0
2020-11-23,1100.0,1100.0,0.0,1100.0,0.0
2020-11-24,1100.0,1100.0,0.0,1100.0,0.0
2020-11-25,1100.0,1100.0,0.0,1100.0,0.0
2020-11-27,1100.0,1100.0,0.0,1100.0,0.0
2020-11-30,1100.0,1100.0,0.0,1100.0,0.0
2020-12-01,1100.0,1100.0,0.0,1100.0,0.0
2020-12-02,1100.0,1100.0,0.0,1100.0,0.0
2020-12-03,1100.0,1100.0,0.0,1100.0,0.0
2020-12-04,1100.0,1100.0,0.0,1100.0,0.0
2020-12-07,1100.0,1100.0,0.0,1100.0,0.0
2020-12-08,1100.0,1100.0,0.0,1100.0,0.0
2020-12-09,1100.0,1100.0,0.0,1100.0,0.0
2020-12-10,1100.0,1100.0,0.0,1100.0,0.0
2020-12-11,1100.0,1100.0,0.0,1100.0,0.0
2020-12-14,1100.0,1100.0,0.0,1100.0,0.0
2020-12-15,1100.0,1100.0,0.0,1100.0,0.0
2020-12-16,1100.0,1100.0,0.0,1100.0,0.0
2020-12-17,1100.0,1100.0,0.0,1100.0,0.0
2020-12-18,1100.0,1100.0,0.0,1100.0,0.0
2020-12-21,1100.0,1100.0,0.0,1100.0,0.0
2020-12-22,1100.0,1100.0,0.0,1100.0,0.0
2020-12-23,1100.0,1100.0,0.0,1100.0,0.0
2020-12-24,1100.0,1100.0,0.0,1100.0,0.0
2020-12-28,1100.0,1100.0,0.0,1100.0,0.0
2020-12-29,1100.0,1100.0,0.0,1100.0,0.0
2020-12-30,1100.0,1100.0,0.0,1100.0,0.0
2020-12-31,1100.0,1100.0,0.0,1100.0,0.0
2021-01-04,1100.0,1100.0,0.0,1100.0,0.0
2021-01-05,1100.0,1100.0,0.0,1100.0,0.0
2021-01-06,1100.0,1100.0,0.0,1100.0,0.0
2021-01-07,1100.0,1100.0,0.0,1100.0,0.0
2021-01-08,1100.0,1100.0,0.0,1100.0,0.0
2021-01-11,1100.0,1100.0,0.0,1100.0,0.0
2021-01-12,1100.0,1100.0,0.0,1100.0,0.0
2021-01-13,1100.0,1100.0,0.0,1100.0,0.0
2021-01-14,1100.0,1100.0,0.0,1100.0,0.0
2021-01-15,1100.0,1100.0,0.0,1100.0,0.0
2021-01-19,1100.0,1100.0,0.0,1100.0,0.0
2021-01-20,1100.0,1100.0,0.0,1100.0,0.0
2021-01-21,1100.0,1100.0,0.0,1100.0,0.0
2021-01-22,1100.0,1100.0,0.0,1100.0,0.0
2021-01-25,1100.0,1100.0,0.0,1100.0,0.0
2021-01-26,1100.0,1100.0,0.0,1100.0,0.0
2021-01-27,1100.0,1100.0,0.0,1100.0,0.0
2021-01-28,1100.0,1100.0,0.0,1100.0,0.0
2021-01-29,1100.0,1100.0,0.0,1100.0,0.0
2021-02-01,1100.0,1100.0,0.0,1100.0,0.0
2021-02-02,1100.0,1100.0,0.0,1100.0,0.0
2021-02-03,1100.0,1100.0,0.0,1100.0,0.0
2021-02-04,1100.0,1100.0,0.0,1100.0,0.0
2021-02-05,1100.0,1100.0,0.0,1100.0,0.0
2021-02-08,1100.0,1100.0,0.0,1100.0,0.0
2021-02-09,1100.0,1100.0,0.0,1100.0,0.0
2021-02-10,1100.0,1100.0,0.0,1100.0,0.0
2021-02-11,1100.0,1100.0,0.0,1100.0,0.0
2021-02-12,1100.0,1100.0,0.0,1100.0,0.0
2021-02-16,1100.0,1100.0,0.0,1100.0,0.0
2021-02-17,1100.0,1100.0,0.0,1100.0,0.0
2021-02-18,1100.0,1100.0,0.0,1100.0,0.0
2021-02-19,1100.0,1100.0,0.0,1100.0,0.0
2021-02-22,1100.0,1100.0,0.0,1100.0,0.0
2021-02-23,1100.0,1100.0,0.0,1100.0,0.0
2021-02-24,1100.0,1100.0,0.0,1100.0,0.0
2021-02-25,1100.0,1100.0,0.0,1100.0,0.0
2021-02-26,1100.0,1100.0,0.0,1100.0,0.0
2021-03-01,1100.0,1100.0,0.0,1100.0,0.0
2021-03-02,1100.0,1100.0,0.0,1100.0,0.0
2021-03-03,1100.0,1100.0,0.0,1100.0,0.0
2021-03-04,1100.0,1100.0,0.0,1100.0,0.0
2021-03-05,1100.0,1100.0,0.0,1100.0,0.0
2021-03-08,1100.0,1100.0,0.0,1100.0,0.0
2021-03-09,1100.0,1100.0,0.0,1100.0,0.0
2021-03-10,1100.0,1100.0,0.0,1100.0,0.0
2021-03-11,1100.0,1100.0,0.0,1100.0,0.0
2021-03-12,1100.0,1100.0,0.0,1100.0,0.0
2021-03-15,1100.0,1100.0,0.0,1100.0,0.0
2021-03-16,1100.0,1100.0,0.0,1100.0,0.0
2021-03-17,1100.0,1100.0,0.0,1100.0,0.0
2021-03-18,1100.0,1100.0,0.0,1100.0,0.0
2021-03-19,1100.0,1100.0,0.0,1100.0,0.0
2021-03-22,1100.0,1100.0,0.0,1100.0,0.0
2021-03-23,1100.0,1100.0,0.0,1100.0,0.0
2021-03-24,1100.0,1100.0,0.0,1100.0,0.0
2021-03-25,1100.0,1100.0,0.0,1100.0,0.0
2021-03-26,1100.0,1100.0,0.0,1100.0,0.0
2021-03-29,1100.0,1100.0,0.0,1100.0,0.0
2021-03-30,1100.0,1100.0,0.0,1100.0,0.0
2021-03-31,1100.0,1100.0,0.0,1100.0,0.0
2021-04-01,1100.0,1100.0,0.0,1100.0,0.0
2021-04-05,1100.0,1100.0,0.0,1100.0,0.0
2021-04-06,1100.0,1100.0,0.0,1100.0,0.0
2021-04-07,1100.0,1100.0,0.0,1100.0,0.0
2021-04-08,1100.0,1100.0,0.0,1100.0,0.0
2021-04-09,1100.0,1100.0,0.0,1100.0,0.0
2021-04-12,1100.0,1100.0,0.0,1100.0,0.0
2021-04-13,1100.0,1100.0,0.0,1100.0,0.0
2021-04-14,1100.0,1100.0,0.0,1100.0,0.0
2021-04-15,1100.0,1100.0,0.0,1100.0,0.0
2021-04-16,1100.0,1100.0,0.0,1100.0,0.0
2021-04-19,1100.0,1100.0,0.0,1100.0,0.0
2021-04-20,1100.0,1100.0,0.0,1100.0,0.0
2021-04-21,1100.0,1100.0,0.0,1100.0,0.0
2021-04-22,1100.0,1100.0,0.0,1100.0,0.0
2021-04-23,1100.0,1100.0,0.0,1100.0,0.0
2021-04-26,1100.0,1100.0,0.0,1100.0,0.0
2021-04-27,1100.0,1100.0,0.0,1100.0,0.0
2021-04-28,1100.0,1100.0,0.0,1100.0,0.0
2021-04-29,1100.0,1100.0,0.0,1100.0,0.0
2021-04-30,1100.0,1100.0,0.0,1100.0,0.0
2021-05-03,1100.0,1100.0,0.0,1100.0,0.0
2021-05-04,1100.0,1100.0,0.0,1100.0,0.0
2021-05-05,1100.0,1100.0,0.0,1100.0,0.0
2021-05-06,1100.0,1100.0,0.0,1100.0,0.0
2021-05-07,1100.0,1100.0,0.0,1100.0,0.0
2021-05-10,1100.0,1100.0,0.0,1100.0,0.0
2021-05-11,1100.0,1100.0,0.0,1100.0,0.0
2021-05-12,1100.0,1100.0,0.0,1100.0,0.0
2021-05-13,1100.0,1100.0,0.0,1100.0,0.0
2021-05-14,1100.0,1100.0,0.0,1100.0,0.0
2021-05-17,1100.0,1100.0,0.0,1100.0,0.0
2021-05-18,1100.0,1100.0,0.0,1100.0,0.0
2021-05-19,1100.0,1100.0,0.0,1100.0,0.0
2021-05-20,1100.0,1100.0,0.0,1100.0,0.0
2021-05-21,1100.0,1100.0,0.0,1100.0,0.0
2021-05-24,1100.0,1100.0,0.0,1100.0,0.0
2021-05-25,1100.0,1100.0,0.0,1100.0,0.0
2021-05-26,1100.0,1100.0,0.0,1100.0,0.0
2021-05-27,1105.56985558087,770.0,0.00506350507351816,1105.56985558087,0.0
2021-05-28,1103.7397681056877,770.0,-0.001655334093946137,1105.56985558087,-0.0016553340939461669
2021-06-01,1103.453147325543,770.0,-0.00025968148328725515,1105.56985558087,-0.0019145857176206082
2021-06-02,1096.6614586933908,770.0,-0.006154940650278773,1105.56985558087,-0.008057742206437563
2021-06-03,1087.4846145481315,770.0,-0.008367982728410106,1105.56985558087,-0.016358297887234228
2021-06-04,1095.3641532839408,770.0,0.007245655368727677,1105.56985558087,-0.009231169107416526
2021-06-07,1096.8516511506298,770.0,0.0013579939257910567,1105.56985558087,-0.0078857110532012
2021-06-08,1095.8042591503083,770.0,-0.0009549076205727092,1105.56985558087,-0.008833088548195533
2021-06-09,1094.1980414236361,770.0,-0.0014657889064216834,1105.56985558087,-0.01028593001141386
2021-06-10,1097.6011534791926,770.0,0.003110142704266572,1105.56985558087,-0.007207778017328925
2021-06-11,1098.3524755250678,770.0,0.0006845128063992512,1105.56985558087,-0.006528199027288114
2021-06-14,1101.0628999428916,770.0,0.0024677182218104665,1105.56985558087,-0.004076590561172943
2021-06-15,1093.9492159494757,770.0,-0.006460742609513792,1105.56985558087,-0.010510995368346624
2021-06-16,1094.3421969805795,1094.3421969805795,0.00035923151218919536,1105.56985558087,-0.010155539736918162
2021-06-17,1094.3421969805795,1094.3421969805795,0.0,1105.56985558087,-0.010155539736918162
2021-06-18,1094.3421969805795,1094.3421969805795,0.0,1105.56985558087,-0.010155539736918162
2021-06-21,1094.3421969805795,1094.3421969805795,0.0,1105.56985558087,-0.010155539736918162
2021-06-22,1094.3421969805795,1094.3421969805795,0.0,1105.56985558087,-0.010155539736918162
2021-06-23,1093.7638252866263,930.1908674334926,-0.0005285108218882062,1105.56985558087,-0.010678683246153297
2021-06-24,1093.905467334125,930.1908674334926,0.00012949966366049281,1105.56985558087,-0.010550566468381515
2021-06-25,1094.9087651705745,930.1908674334926,0.0009171705109898287,1105.56985558087,-0.009643072625830622
2021-06-28,1093.909325280844,765.9545526579064,-0.0009128065474703906,1105.56985558087,-0.010547076913470413
2021-06-29,1090.8249671561446,601.8681538657798,-0.0028195738471354925,1105.56985558087,-0.013336912498376976
2021-06-30,1093.967091422455,601.8681538657798,0.0028805027029241703,1105.56985558087,-0.010494826807953016
2021-07-01,1098.6207674633858,659.5098017723151,0.0042539451848406795,1105.56985558087,-0.006285526041077684
2021-07-02,1098.1025119247995,659.5098017723151,-0.0004717328799299647,1105.56985558087,-0.006754293831706394
2021-07-06,1089.8642479198174,659.5098017723151,-0.007502272251924569,1105.56985558087,-0.014205893532435974
2021-07-07,1089.2688117066057,659.5098017723151,-0.0005463397981430029,1105.56985558087,-0.014744472085574008
2021-07-08,1081.8304892298365,915.7312558349735,-0.006828729875332784,1105.56985558087,-0.021472515943880027
2021-07-09,1082.9667374657074,915.7312558349735,0.0010503015464833343,1105.56985558087,-0.020444767014099474
2021-07-12,1084.5610082462706,1084.5610082462706,0.0014721327307742893,1105.56985558087,-0.019002731694019625
2021-07-13,1084.5610082462706,1084.5610082462706,0.0,1105.56985558087,-0.019002731694019625
2021-07-14,1084.5610082462706,1084.5610082462706,0.0,1105.56985558087,-0.019002731694019625
2021-07-15,1084.5610082462706,1084.5610082462706,0.0,1105.56985558087,-0.019002731694019625
2021-07-16,1084.5610082462706,1084.5610082462706,0.0,1105.56985558087,-0.019002731694019625
2021-07-19,1084.5610082462706,1084.5610082462706,0.0,1105.56985558087,-0.019002731694019625
2021-07-20,1084.5610082462706,1084.5610082462706,0.0,1105.56985558087,-0.019002731694019625
2021-07-21,1084.5610082462706,1084.5610082462706,0.0,1105.56985558087,-0.019002731694019625
2021-07-22,1084.5610082462706,1084.5610082462706,0.0,1105.56985558087,-0.019002731694019625
2021-07-23,1084.5610082462706,1084.5610082462706,0.0,1105.56985558087,-0.019002731694019625
2021-07-26,1084.5610082462706,1084.5610082462706,0.0,1105.56985558087,-0.019002731694019625
2021-07-27,1084.5610082462706,1084.5610082462706,0.0,1105.56985558087,-0.019002731694019625
2021-07-28,1084.5610082462706,1084.5610082462706,0.0,1105.56985558087,-0.019002731694019625
2021-07-29,1084.5610082462706,1084.5610082462706,0.0,1105.56985558087,-0.019002731694019625
2021-07-30,1079.464455056366,759.1927057723894,-0.00469918533964786,1105.56985558087,-0.02361261967547773
2021-08-02,1077.6860015440013,759.1927057723894,-0.0016475331855848596,1105.56985558087,-0.025221250286548653
2021-08-03,1082.048547961917,759.1927057723894,0.004048068186526921,1105.56985558087,-0.021275279440931202
2021-08-04,1077.0565927733994,759.1927057723894,-0.00461342995923808,1105.56985558087,-0.025790557388605286
2021-08-05,1081.247077156051,759.1927057723894,0.0038906817067627664,1105.56985558087,-0.022000218531681603
2021-08-06,1087.8552942698072,759.1927057723894,0.006111662406651286,1105.56985558087,-0.016023014033568567
2021-08-09,1088.1989871071646,759.1927057723894,0.0003159361719962117,1105.56985558087,-0.015712140111290008
2021-08-10,1094.183928544308,759.1927057723894,0.005499859408115704,1105.56985558087,-0.010298695264787
2021-08-11,1096.7879060905257,935.6860931026982,0.0023798353076542877,1105.56985558087,-0.007943369155746534
2021-08-12,1096.4582522886271,935.6860931026982,-0.00030056294390912175,1105.56985558087,-0.008241544617237685
2021-08-13,1094.7440525187546,935.6860931026982,-0.0015633972075950187,1105.56985558087,-0.009792057016991788
2021-08-16,1092.4694412856545,935.6860931026982,-0.002077756191382618,1105.56985558087,-0.011849467701280973
2021-08-17,1091.447514499769,935.6860931026982,-0.0009354282575472217,1105.56985558087,-0.012773811631903498
2021-08-18,1088.0520803402137,1088.0520803402137,-0.0031109458901572573,1105.56985558087,-0.015845018885262838
2021-08-19,1088.0520803402137,1088.0520803402137,0.0,1105.56985558087,-0.015845018885262838
2021-08-20,1088.0520803402137,1088.0520803402137,0.0,1105.56985558087,-0.015845018885262838
2021-08-23,1088.0520803402137,1088.0520803402137,0.0,1105.56985558087,-0.015845018885262838
2021-08-24,1088.0520803402137,1088.0520803402137,0.0,1105.56985558087,-0.015845018885262838
2021-08-25,1088.0520803402137,1088.0520803402137,0.0,1105.56985558087,-0.015845018885262838
2021-08-26,1088.0520803402137,1088.0520803402137,0.0,1105.56985558087,-0.015845018885262838
2021-08-27,1091.2439803824755,924.8442682891816,0.002933591231463639,1105.56985558087,-0.012957910462263448
2021-08-30,1089.3498858519024,924.8442682891816,-0.0017357204847161523,1105.56985558087,-0.014671139636351133
2021-08-31,1087.350563847409,924.8442682891816,-0.0018353350291397952,1105.56985558087,-0.01647954820899897
2021-09-01,1085.140786895074,924.8442682891816,-0.0020322580645161237,1105.56985558087,-0.018478315578767734
2021-09-02,1089.139430904061,924.8442682891816,0.0036849080389176336,1105.56985558087,-0.014861498433471851
2021-09-03,1088.5080660605367,924.8442682891816,-0.0005796914753148918,1105.56985558087,-0.015432574824834412
2021-09-07,1087.52594297061,924.8442682891816,-0.0009022653304546768,1105.56985558087,-0.016320915878065043
2021-09-08,1086.05275833572,924.8442682891816,-0.0013546202225447335,1105.56985558087,-0.017653427457910882
2021-09-09,1086.1229099850004,924.8442682891816,6.45932241707392e-05,1105.56985558087,-0.01758997452553731
2021-09-10,1085.8072275632385,924.8442682891816,-0.0002906507347002485,1105.56985558087,-0.017875512721218387
2021-09-13,1089.9461748707865,924.8442682891816,0.0038118619976739154,1105.56985558087,-0.014131789711175357
2021-09-14,1087.6311704445309,924.8442682891816,-0.002123962154855996,1105.56985558087,-0.01622573647950448
2021-09-15,1093.1380749130483,924.8442682891816,0.005063209494323928,1105.56985558087,-0.011244681288175967
2021-09-16,1091.2439803824755,1091.2439803824755,-0.0017327129793036633,1105.56985558087,-0.012957910462263448
2021-09-17,1091.2439803824755,1091.2439803824755,0.0,1105.56985558087,-0.012957910462263448
2021-09-20,1091.2439803824755,1091.2439803824755,0.0,1105.56985558087,-0.012957910462263448
2021-09-21,1091.2439803824755,1091.2439803824755,0.0,1105.56985558087,-0.012957910462263448
2021-09-22,1091.2439803824755,1091.2439803824755,0.0,1105.56985558087,-0.012957910462263448
2021-09-23,1091.2439803824755,1091.2439803824755,0.0,1105.56985558087,-0.012957910462263448
2021-09-24,1091.2439803824755,1091.2439803824755,0.0,1105.56985558087,-0.012957910462263448
2021-09-27,1091.2439803824755,1091.2439803824755,0.0,1105.56985558087,-0.012957910462263448
2021-09-28,1091.2439803824755,1091.2439803824755,0.0,1105.56985558087,-0.012957910462263448
2021-09-29,1091.2439803824755,1091.2439803824755,0.0,1105.56985558087,-0.012957910462263448
2021-09-30,1091.2439803824755,1091.2439803824755,0.0,1105.56985558087,-0.012957910462263448
2021-10-01,1091.2439803824755,1091.2439803824755,0.0,1105.56985558087,-0.012957910462263448
2021-10-04,1091.2439803824755,1091.2439803824755,0.0,1105.56985558087,-0.012957910462263448
2021-10-05,1091.2439803824755,1091.2439803824755,0.0,1105.56985558087,-0.012957910462263448
2021-10-06,1091.2439803824755,1091.2439803824755,0.0,1105.56985558087,-0.012957910462263448
2021-10-07,1091.2439803824755,1091.2439803824755,0.0,1105.56985558087,-0.012957910462263448
2021-10-08,1091.2439803824755,1091.2439803824755,0.0,1105.56985558087,-0.012957910462263448
2021-10-11,1089.4865480662531,763.8707862677329,-0.0016104852331981778,1105.56985558087,-0.014547527172008993
2021-10-12,1084.9916777617664,437.0248218478569,-0.004125677652895066,1105.56985558087,-0.018613186417145655
2021-10-13,1088.8379444403888,437.0248218478569,0.00354497343846627,1105.56985558087,-0.015134196230133363
2021-10-14,1107.904778697331,329.38921670737443,0.01751117726407081,1107.904778697331,0.0
2021-10-15,1113.1599254181378,500.940192593596,0.004743319842871241,1113.1599254181378,0.0
2021-10-18,1116.348265920808,500.940192593596,0.0028642250137351777,1116.348265920808,0.0
2021-10-19,1117.939456061417,672.0822791473502,0.0014253528125443005,1117.939456061417,0.0
2021-10-20,1115.9703510778647,672.0822791473502,-0.0017613699676453098,1117.939456061417,-0.0017613699676453604
2021-10-21,1116.3472216286282,672.0822791473502,0.00033770659802878633,1117.939456061417,-0.0014242581958762658
2021-10-22,1113.8335387901404,672.0822791473502,-0.0022517034035526295,1117.939456061417,-0.0036727545924017343
2021-10-25,1114.9061821012106,789.8751059936028,0.0009630194043495077,1117.939456061417,-0.0027132721219921786
2021-10-26,1118.8153966112247,789.8751059936028,0.0035063170092453078,1118.8153966112247,0.0
2021-10-27,1125.7712978875115,789.8751059936028,0.00621720195964004,1125.7712978875115,0.0
2021-10-28,1126.2364288424963,789.8751059936028,0.0004131664716071626,1126.2364288424963,0.0
2021-10-29,1129.1203997262553,789.8751059936028,0.0025607153257536375,1129.1203997262553,0.0
2021-11-01,1123.4703858219327,1123.4703858219327,-0.005003907382855166,1129.1203997262553,-0.005003907382855159
2021-11-02,1122.5285851778401,954.9498279486428,-0.000838295923041743,1129.1203997262553,-0.005838008550738531
2021-11-03,1124.3349896919194,954.9498279486428,0.0016092280748405408,1129.1203997262553,-0.0042381751631589155
2021-11-04,1126.5170851733142,954.9498279486428,0.0019407876668435797,1129.1203997262553,-0.0023056128944019413
2021-11-05,1129.1572148477378,954.9498279486428,0.002343621511978533,1129.1572148477378,0.0
2021-11-08,1127.7367942041883,954.9498279486428,-0.0012579476310932147,1129.1572148477378,-0.0012579476310931982
2021-11-09,1126.2134445284973,954.9498279486428,-0.0013508024953339248,1129.1572148477378,-0.00260705088762809
2021-11-10,1122.2867019523082,954.9498279486428,-0.003486677055105747,1129.1572148477378,-0.006084637998222432
2021-11-11,1122.2764090490941,954.9498279486428,-9.171366992299923e-06,1129.1572148477378,-0.006093753560766581
2021-11-12,1129.0851645252387,954.9498279486428,0.0060669149072765105,1129.1572148477378,-6.3808937809246e-05
2021-11-15,1132.5281406503643,954.9498279486428,0.0030493502468198486,1132.5281406503643,0.0
2021-11-16,1129.9446219436184,954.9498279486428,-0.0022811960374444773,1132.5281406503643,-0.0022811960374444686
2021-11-17,1128.9822354930975,954.9498279486428,-0.0008517111651591414,1132.5281406503643,-0.003130964282468556
2021-11-18,1127.9477987200778,954.9498279486428,-0.0009162560229017958,1132.5281406503643,-0.004044351540489069
2021-11-19,1131.2466742002055,954.9498279486428,0.002924670347218994,1132.5281406503643,-0.0011315095882941735
2021-11-22,1129.1469219445237,1129.1469219445237,-0.0018561400475862744,1132.5281406503643,-0.0029855493956193824
2021-11-23,1129.1469219445237,1129.1469219445237,0.0,1132.5281406503643,-0.0029855493956193824
2021-11-24,1129.1469219445237,1129.1469219445237,0.0,1132.5281406503643,-0.0029855493956193824
2021-11-26,1129.1469219445237,1129.1469219445237,0.0,1132.5281406503643,-0.0029855493956193824
2021-11-29,1129.1469219445237,1129.1469219445237,0.0,1132.5281406503643,-0.0029855493956193824
2021-11-30,1129.1469219445237,1129.1469219445237,0.0,1132.5281406503643,-0.0029855493956193824
2021-12-01,1129.1469219445237,1129.1469219445237,0.0,1132.5281406503643,-0.0029855493956193824
2021-12-02,1129.1469219445237,1129.1469219445237,0.0,1132.5281406503643,-0.0029855493956193824
2021-12-03,1129.1469219445237,1129.1469219445237,0.0,1132.5281406503643,-0.0029855493956193824
2021-12-06,1129.1469219445237,1129.1469219445237,0.0,1132.5281406503643,-0.0029855493956193824
2021-12-07,1129.58163097732,959.7748836528451,0.0003849889012208507,1132.5281406503643,-0.0026017098977799487
2021-12-08,1130.6860268984783,959.7748836528451,0.0009777035062112915,1132.5281406503643,-0.001626550092457895
2021-12-09,1132.142889602985,959.7748836528451,0.0012884767918313056,1132.5281406503643,-0.0003401690726714624
2021-12-10,1131.7904228196367,959.7748836528451,-0.0003113271183214916,1132.5281406503643,-0.0006513902871358409
2021-12-13,1134.4420169623754,962.3231231940676,0.0023428314017119867,1134.4420169623754,0.0
2021-12-14,1134.2292939068348,962.3231231940676,-0.00018751337870070994,1134.4420169623754,-0.00018751337870071078
2021-12-15,1138.2191482900212,962.3231231940676,0.0035176788367397016,1138.2191482900212,0.0
2021-12-16,1134.5872912442078,962.3231231940676,-0.0031908240616664862,1138.2191482900212,-0.0031908240616665235
2021-12-17,1134.250047375668,962.3231231940676,-0.0002972392438576055,1138.2191482900212,-0.003487114867392752
2021-12-20,1129.9644560616082,962.3231231940676,-0.0037783479259934083,1138.2191482900212,-0.007252287260159202
2021-12-21,1134.4627704312086,962.3231231940676,0.003980934396183411,1138.2191482900212,-0.0033002237437807095
2021-12-22,1132.496379259261,962.3231231940676,-0.0017333236693172216,1138.2191482900212,-0.005027827057168821
2021-12-23,1134.929723479956,962.3231231940676,0.0021486551880074423,1138.2191482900212,-0.0028899749358521623
2021-12-27,1140.5539135337585,962.3231231940676,0.004955540362937549,1140.5539135337585,0.0
2021-12-28,1140.683622713966,962.3231231940676,0.00011372472503801134,1140.683622713966,0.0
2021-12-29,1138.9351429647672,962.3231231940676,-0.001532834972276298,1140.683622713966,-0.0015328349722763513
2021-12-30,1139.6822678427632,962.3231231940676,0.0006559854462397929,1140.683622713966,-0.0008778550434698552
2021-12-31,1135.4589369352032,1135.4589369352032,-0.0037057090618370925,1140.683622713966,-0.004580311029917413
2022-01-03,1135.4589369352032,1135.4589369352032,0.0,1140.683622713966,-0.004580311029917413
2022-01-04,1135.4589369352032,1135.4589369352032,0.0,1140.683622713966,-0.004580311029917413
2022-01-05,1135.4589369352032,1135.4589369352032,0.0,1140.683622713966,-0.004580311029917413
2022-01-06,1135.4589369352032,1135.4589369352032,0.0,1140.683622713966,-0.004580311029917413
2022-01-07,1135.4589369352032,1135.4589369352032,0.0,1140.683622713966,-0.004580311029917413
2022-01-10,1135.4589369352032,1135.4589369352032,0.0,1140.683622713966,-0.004580311029917413
2022-01-11,1135.4589369352032,1135.4589369352032,0.0,1140.683622713966,-0.004580311029917413
2022-01-12,1135.4589369352032,1135.4589369352032,0.0,1140.683622713966,-0.004580311029917413
2022-01-13,1135.4589369352032,1135.4589369352032,0.0,1140.683622713966,-0.004580311029917413
2022-01-14,1135.4589369352032,1135.4589369352032,0.0,1140.683622713966,-0.004580311029917413
2022-01-18,1135.4589369352032,1135.4589369352032,0.0,1140.683622713966,-0.004580311029917413
2022-01-19,1135.4589369352032,1135.4589369352032,0.0,1140.683622713966,-0.004580311029917413
2022-01-20,1135.4589369352032,1135.4589369352032,0.0,1140.683622713966,-0.004580311029917413
2022-01-21,1135.4589369352032,1135.4589369352032,0.0,1140.683622713966,-0.004580311029917413
2022-01-24,1135.4589369352032,1135.4589369352032,0.0,1140.683622713966,-0.004580311029917413
2022-01-25,1135.4589369352032,1135.4589369352032,0.0,1140.683622713966,-0.004580311029917413
2022-01-26,1135.4589369352032,1135.4589369352032,0.0,1140.683622713966,-0.004580311029917413
2022-01-27,1135.4589369352032,1135.4589369352032,0.0,1140.683622713966,-0.004580311029917413
2022-01-28,1135.4589369352032,1135.4589369352032,0.0,1140.683622713966,-0.004580311029917413
2022-01-31,1134.463485174828,794.8212558546422,-0.0008766955175516511,1140.683622713966,-0.005452991009320174
2022-02-01,1137.5738384119609,968.1403241253112,0.0027416953280374745,1140.683622713966,-0.0027262461212568916
2022-02-02,1155.7104717334062,639.7947688368309,0.015943258106888125,1155.7104717334062,0.0
2022-02-03,1143.0773145389674,522.5221880684527,-0.010931074437260047,1155.7104717334062,-0.010931074437260066
2022-02-04,1140.8423366076943,517.3196411413815,-0.001955229014561022,1155.7104717334062,-0.012864930697921027
2022-02-07,1140.6457804819236,517.3196411413815,-0.00017229035026444794,1155.7104717334062,-0.013035004544769455
2022-02-08,1147.883272581215,517.3196411413815,0.006345082954879677,1155.7104717334062,-0.006772629775043529
2022-02-09,1159.6690913750697,397.66406732967096,0.010267436659611162,1159.6690913750697,0.0
2022-02-10,1141.4904484411097,397.66406732967096,-0.01567571565816661,1159.6690913750697,-0.015675715658166556
2022-02-11,1118.669069638214,402.5654506623465,-0.01999261477313452,1159.6690913750697,-0.03535493188685414
2022-02-14,1121.1952088835944,402.5654506623465,0.0022581649157398243,1159.6690913750697,-0.033176604237899546
2022-02-15,1144.0139489450505,402.5654506623465,0.020352156235288632,1159.6690913750697,-0.0134996634354169
2022-02-16,1142.367137446707,402.5654506623465,-0.0014395029884576305,1159.6690913750697,-0.01491973361801606
2022-02-17,1121.390427006259,563.6567143533334,-0.018362494641900096,1159.6690913750697,-0.0330082647312968
2022-02-18,1111.6027492031312,726.6576049743612,-0.008728162437820708,1159.6690913750697,-0.04144832567275215
2022-02-22,1102.8266906884724,887.4936695938147,-0.007894959346718133,1159.6690913750697,-0.049016052173294404
2022-02-23,1090.6523472888819,1090.6523472888819,-0.011039217224594333,1159.6690913750697,-0.059514170550455645
2022-02-24,1090.6523472888819,1090.6523472888819,0.0,1159.6690913750697,-0.059514170550455645
2022-02-25,1090.6523472888819,1090.6523472888819,0.0,1159.6690913750697,-0.059514170550455645
2022-02-28,1091.5563913052458,927.0544951955496,0.0008289020957148452,1159.6690913750697,-0.05873459987543489
2022-03-01,1089.3730397185554,927.0544951955496,-0.0020002187739285304,1159.6690913750697,-0.06061733660001335
2022-03-02,1095.0745739690983,763.6485392377663,0.00523377579824813,1159.6690913750697,-0.05570081835101673
2022-03-03,1085.0913242970857,763.6485392377663,-0.009116502117137326,1159.6690913750697,-0.06430952383973075
2022-03-04,1082.4601591440066,600.8848405932034,-0.002424832909601937,1159.6690913750697,-0.06657841689952526
2022-03-07,1072.823614598537,600.8848405932034,-0.00890244732248624,1159.6690913750697,-0.07488815337274898
2022-03-08,1071.1393433651356,752.5026880168575,-0.0015699423563040327,1159.6690913750697,-0.07634052564508774
2022-03-09,1078.480319065914,752.5026880168575,0.006853427377352839,1159.6690913750697,-0.07001029251619237
2022-03-10,1074.8715350202615,752.5026880168575,-0.0033461751520678096,1159.6690913750697,-0.07312220096705352
2022-03-11,1066.359313108761,752.5026880168575,-0.007919292337888684,1159.6690913750697,-0.08046241721909421
2022-03-14,1063.2621129373465,752.5026880168575,-0.002904462063903379,1159.6690913750697,-0.08313317924461475
2022-03-15,1074.2184861107667,922.6962902714114,0.010304489401162131,1159.6690913750697,-0.07368533480786364
2022-03-16,1081.6040019457037,922.6962902714114,0.006875245520747253,1159.6690913750697,-0.06731669405519887
2022-03-17,1087.4863213933456,922.6962902714114,0.005438514869638311,1159.6690913750697,-0.06224428202715468
2022-03-18,1093.1338550492305,650.824709923075,0.005193199716433172,1159.6690913750697,-0.057374329298494495
2022-03-21,1096.9705009659992,486.8546316656905,0.003509767718790302,1159.6690913750697,-0.054065932148563194
2022-03-22,1125.2604704472676,510.3050363990443,0.025789179796864126,1159.6690913750697,-0.02967106839676333
2022-03-23,1116.6916229676908,510.3050363990443,-0.0076149902219269094,1159.6690913750697,-0.037060113722974734
2022-03-24,1121.1226679217025,510.3050363990443,0.00396801127802493,1159.6690913750697,-0.03323915739416754
2022-03-25,1128.7017861206828,510.3050363990443,0.00676029342358242,1159.6690913750697,-0.026703570427722326
2022-03-28,1128.4981333108608,510.3050363990443,-0.00018043101581499688,1159.6690913750697,-0.026879183291199163
2022-03-29,1132.9214865076572,689.4079864946057,0.003919681447605905,1159.6690913750697,-0.023064859679666663
2022-03-30,1126.854042204444,689.4079864946057,-0.005355573511026446,1159.6690913750697,-0.02829690763915709
2022-03-31,1114.8400611504371,689.4079864946057,-0.010661523679237339,1159.6690913750697,-0.03865674316755036
2022-04-01,1116.6258056889715,689.4079864946057,0.0016017943746042818,1159.6690913750697,-0.03711686894669231
2022-04-04,1114.8238674327588,689.4079864946057,-0.001613735100005953,1159.6690913750697,-0.038670707252476635
2022-04-05,1112.1145904073808,943.2087402142296,-0.0024302287603664707,1159.6690913750697,-0.04100695734789438
2022-04-06,1114.4652414808793,943.2087402142296,0.0021136770381164904,1159.6690913750697,-0.038979955773927065
2022-04-07,1116.6575585442458,943.2087402142296,0.001967147095994992,1159.6690913750697,-0.0370894879847347
2022-04-08,1118.0703850961931,943.2087402142296,0.0012652281275820076,1159.6690913750697,-0.035871186520588516
2022-04-11,1117.290894584774,1117.290894584774,-0.0006971748127932997,1159.6690913750697,-0.0365433528456347
2022-04-12,1117.290894584774,1117.290894584774,0.0,1159.6690913750697,-0.0365433528456347
2022-04-13,1117.290894584774,1117.290894584774,0.0,1159.6690913750697,-0.0365433528456347
2022-04-14,1117.290894584774,1117.290894584774,0.0,1159.6690913750697,-0.0365433528456347
2022-04-18,1117.290894584774,1117.290894584774,0.0,1159.6690913750697,-0.0365433528456347
2022-04-19,1117.290894584774,1117.290894584774,0.0,1159.6690913750697,-0.0365433528456347
2022-04-20,1117.290894584774,1117.290894584774,0.0,1159.6690913750697,-0.0365433528456347
2022-04-21,1117.290894584774,1117.290894584774,0.0,1159.6690913750697,-0.0365433528456347
2022-04-22,1117.290894584774,1117.290894584774,0.0,1159.6690913750697,-0.0365433528456347
2022-04-25,1117.290894584774,1117.290894584774,0.0,1159.6690913750697,-0.0365433528456347
2022-04-26,1117.290894584774,1117.290894584774,0.0,1159.6690913750697,-0.0365433528456347
2022-04-27,1117.290894584774,1117.290894584774,0.0,1159.6690913750697,-0.0365433528456347
2022-04-28,1117.290894584774,1117.290894584774,0.0,1159.6690913750697,-0.0365433528456347
2022-04-29,1117.290894584774,1117.290894584774,0.0,1159.6690913750697,-0.0365433528456347
2022-05-02,1117.290894584774,1117.290894584774,0.0,1159.6690913750697,-0.0365433528456347
2022-05-03,1117.290894584774,1117.290894584774,0.0,1159.6690913750697,-0.0365433528456347
2022-05-04,1117.290894584774,1117.290894584774,0.0,1159.6690913750697,-0.0365433528456347
2022-05-05,1117.290894584774,1117.290894584774,0.0,1159.6690913750697,-0.0365433528456347
2022-05-06,1117.290894584774,1117.290894584774,0.0,1159.6690913750697,-0.0365433528456347
2022-05-09,1117.290894584774,1117.290894584774,0.0,1159.6690913750697,-0.0365433528456347
2022-05-10,1117.290894584774,1117.290894584774,0.0,1159.6690913750697,-0.0365433528456347
2022-05-11,1117.290894584774,1117.290894584774,0.0,1159.6690913750697,-0.0365433528456347
2022-05-12,1117.290894584774,1117.290894584774,0.0,1159.6690913750697,-0.0365433528456347
2022-05-13,1117.290894584774,1117.290894584774,0.0,1159.6690913750697,-0.0365433528456347
2022-05-16,1117.290894584774,1117.290894584774,0.0,1159.6690913750697,-0.0365433528456347
2022-05-17,1117.290894584774,1117.290894584774,0.0,1159.6690913750697,-0.0365433528456347
2022-05-18,1117.290894584774,1117.290894584774,0.0,1159.6690913750697,-0.0365433528456347
2022-05-19,1117.290894584774,1117.290894584774,0.0,1159.6690913750697,-0.0365433528456347
2022-05-20,1117.290894584774,1117.290894584774,0.0,1159.6690913750697,-0.0365433528456347
2022-05-23,1117.290894584774,1117.290894584774,0.0,1159.6690913750697,-0.0365433528456347
2022-05-24,1117.290894584774,1117.290894584774,0.0,1159.6690913750697,-0.0365433528456347
2022-05-25,1117.290894584774,1117.290894584774,0.0,1159.6690913750697,-0.0365433528456347
2022-05-26,1117.290894584774,1117.290894584774,0.0,1159.6690913750697,-0.0365433528456347
2022-05-27,1117.290894584774,1117.290894584774,0.0,1159.6690913750697,-0.0365433528456347
2022-05-31,1117.290894584774,1117.290894584774,0.0,1159.6690913750697,-0.0365433528456347
2022-06-01,1117.290894584774,1117.290894584774,0.0,1159.6690913750697,-0.0365433528456347
2022-06-02,1117.290894584774,1117.290894584774,0.0,1159.6690913750697,-0.0365433528456347
2022-06-03,1117.290894584774,1117.290894584774,0.0,1159.6690913750697,-0.0365433528456347
2022-06-06,1117.290894584774,1117.290894584774,0.0,1159.6690913750697,-0.0365433528456347
2022-06-07,1117.290894584774,1117.290894584774,0.0,1159.6690913750697,-0.0365433528456347
2022-06-08,1117.290894584774,1117.290894584774,0.0,1159.6690913750697,-0.0365433528456347
2022-06-09,1117.290894584774,1117.290894584774,0.0,1159.6690913750697,-0.0365433528456347
2022-06-10,1117.290894584774,1117.290894584774,0.0,1159.6690913750697,-0.0365433528456347
2022-06-13,1117.290894584774,1117.290894584774,0.0,1159.6690913750697,-0.0365433528456347
2022-06-14,1117.290894584774,1117.290894584774,0.0,1159.6690913750697,-0.0365433528456347
2022-06-15,1117.290894584774,1117.290894584774,0.0,1159.6690913750697,-0.0365433528456347
2022-06-16,1117.290894584774,1117.290894584774,0.0,1159.6690913750697,-0.0365433528456347
2022-06-17,1117.290894584774,1117.290894584774,0.0,1159.6690913750697,-0.0365433528456347
2022-06-21,1117.290894584774,1117.290894584774,0.0,1159.6690913750697,-0.0365433528456347
2022-06-22,1117.290894584774,1117.290894584774,0.0,1159.6690913750697,-0.0365433528456347
2022-06-23,1120.7916693315808,949.6972603970578,0.0031332706314659564,1159.6690913750697,-0.033524582428415196
2022-06-24,1121.115730634399,840.5937519986857,0.00028913607379976725,1159.6690913750697,-0.03324513952075448
2022-06-27,1124.2947937713184,840.5937519986857,0.002835624414190052,1159.6690913750697,-0.030503785835842595
2022-06-28,1122.0592092942024,840.5937519986857,-0.001988432650850358,1159.6690913750697,-0.0324315637629624
2022-06-29,1124.4793659562142,840.5937519986857,0.0021568885509473112,1159.6690913750697,-0.030344626480584634
2022-06-30,1125.0021752421862,840.5937519986857,0.0004649345304148511,1159.6690913750697,-0.02989380021483317
2022-07-01,1126.652839316873,840.5937519986857,0.0014672541182700893,1159.6690913750697,-0.028470407898039125
2022-07-05,1121.6594820502737,840.5937519986857,-0.00443202829864342,1159.6690913750697,-0.032776254543204514
2022-07-06,1125.1530437469523,840.5937519986857,0.0031146366188541386,1159.6690913750697,-0.029763704046979627
2022-07-07,1124.9885408225596,840.5937519986857,-0.0001462049321263592,1159.6690913750697,-0.029905557378775947
2022-07-08,1126.1979957892654,840.5937519986857,0.0010750820322324994,1159.6690913750697,-0.02886262627394523
2022-07-11,1125.8806417906874,840.5937519986857,-0.0002817923666749156,1159.6690913750697,-0.029136285372853978
2022-07-12,1123.6664089354178,840.5937519986857,-0.0019666674895021385,1159.6690913750697,-0.031045651477148453
2022-07-13,1118.645446196905,1012.1170516613515,-0.004468374865161162,1159.6690913750697,-0.03537530273357658
2022-07-14,1118.8080849671883,1118.8080849671883,0.00014538902458882674,1159.6690913750697,-0.035235056889746666
2022-07-15,1118.8080849671883,1118.8080849671883,0.0,1159.6690913750697,-0.035235056889746666
2022-07-18,1118.8080849671883,1118.8080849671883,0.0,1159.6690913750697,-0.035235056889746666
2022-07-19,1118.8080849671883,1118.8080849671883,0.0,1159.6690913750697,-0.035235056889746666
2022-07-20,1118.8080849671883,1118.8080849671883,0.0,1159.6690913750697,-0.035235056889746666
2022-07-21,1118.8080849671883,1118.8080849671883,0.0,1159.6690913750697,-0.035235056889746666
2022-07-22,1118.8080849671883,1118.8080849671883,0.0,1159.6690913750697,-0.035235056889746666
2022-07-25,1118.8080849671883,1118.8080849671883,0.0,1159.6690913750697,-0.035235056889746666
2022-07-26,1118.8080849671883,1118.8080849671883,0.0,1159.6690913750697,-0.035235056889746666
2022-07-27,1118.8080849671883,1118.8080849671883,0.0,1159.6690913750697,-0.035235056889746666
2022-07-28,1118.8080849671883,1118.8080849671883,0.0,1159.6690913750697,-0.035235056889746666
2022-07-29,1118.8080849671883,1118.8080849671883,0.0,1159.6690913750697,-0.035235056889746666
2022-08-01,1118.8080849671883,1118.8080849671883,0.0,1159.6690913750697,-0.035235056889746666
2022-08-02,1118.8080849671883,1118.8080849671883,0.0,1159.6690913750697,-0.035235056889746666
2022-08-03,1118.8080849671883,1118.8080849671883,0.0,1159.6690913750697,-0.035235056889746666
2022-08-04,1118.8080849671883,1118.8080849671883,0.0,1159.6690913750697,-0.035235056889746666
2022-08-05,1118.8080849671883,1118.8080849671883,0.0,1159.6690913750697,-0.035235056889746666
2022-08-08,1118.8080849671883,1118.8080849671883,0.0,1159.6690913750697,-0.035235056889746666
2022-08-09,1118.8080849671883,1118.8080849671883,0.0,1159.6690913750697,-0.035235056889746666
2022-08-10,1118.8080849671883,1118.8080849671883,0.0,1159.6690913750697,-0.035235056889746666
2022-08-11,1118.8080849671883,1118.8080849671883,0.0,1159.6690913750697,-0.035235056889746666
2022-08-12,1118.8080849671883,1118.8080849671883,0.0,1159.6690913750697,-0.035235056889746666
2022-08-15,1118.8080849671883,1118.8080849671883,0.0,1159.6690913750697,-0.035235056889746666
2022-08-16,1118.8080849671883,1118.8080849671883,0.0,1159.6690913750697,-0.035235056889746666
2022-08-17,1118.8080849671883,1118.8080849671883,0.0,1159.6690913750697,-0.035235056889746666
2022-08-18,1118.8080849671883,1118.8080849671883,0.0,1159.6690913750697,-0.035235056889746666
2022-08-19,1118.8080849671883,1118.8080849671883,0.0,1159.6690913750697,-0.035235056889746666
2022-08-22,1118.8080849671883,1118.8080849671883,0.0,1159.6690913750697,-0.035235056889746666
2022-08-23,1118.8080849671883,1118.8080849671883,0.0,1159.6690913750697,-0.035235056889746666
2022-08-24,1118.8080849671883,1118.8080849671883,0.0,1159.6690913750697,-0.035235056889746666
2022-08-25,1118.8080849671883,1118.8080849671883,0.0,1159.6690913750697,-0.035235056889746666
2022-08-26,1118.8080849671883,1118.8080849671883,0.0,1159.6690913750697,-0.035235056889746666
2022-08-29,1118.8080849671883,1118.8080849671883,0.0,1159.6690913750697,-0.035235056889746666
2022-08-30,1118.8080849671883,1118.8080849671883,0.0,1159.6690913750697,-0.035235056889746666
2022-08-31,1118.8080849671883,1118.8080849671883,0.0,1159.6690913750697,-0.035235056889746666
2022-09-01,1118.8080849671883,1118.8080849671883,0.0,1159.6690913750697,-0.035235056889746666
2022-09-02,1118.8080849671883,1118.8080849671883,0.0,1159.6690913750697,-0.035235056889746666
2022-09-06,1118.8080849671883,1118.8080849671883,0.0,1159.6690913750697,-0.035235056889746666
2022-09-07,1118.8080849671883,1118.8080849671883,0.0,1159.6690913750697,-0.035235056889746666
2022-09-08,1118.8080849671883,1118.8080849671883,0.0,1159.6690913750697,-0.035235056889746666
2022-09-09,1118.8080849671883,1118.8080849671883,0.0,1159.6690913750697,-0.035235056889746666
2022-09-12,1118.8080849671883,1118.8080849671883,0.0,1159.6690913750697,-0.035235056889746666
2022-09-13,1118.8080849671883,1118.8080849671883,0.0,1159.6690913750697,-0.035235056889746666
2022-09-14,1118.8080849671883,1118.8080849671883,0.0,1159.6690913750697,-0.035235056889746666
2022-09-15,1118.8080849671883,1118.8080849671883,0.0,1159.6690913750697,-0.035235056889746666
2022-09-16,1118.8080849671883,1118.8080849671883,0.0,1159.6690913750697,-0.035235056889746666
2022-09-19,1118.8080849671883,1118.8080849671883,0.0,1159.6690913750697,-0.035235056889746666
2022-09-20,1118.8080849671883,1118.8080849671883,0.0,1159.6690913750697,-0.035235056889746666
2022-09-21,1118.8080849671883,1118.8080849671883,0.0,1159.6690913750697,-0.035235056889746666
2022-09-22,1118.8080849671883,1118.8080849671883,0.0,1159.6690913750697,-0.035235056889746666
2022-09-23,1118.8080849671883,1118.8080849671883,0.0,1159.6690913750697,-0.035235056889746666
2022-09-26,1118.8080849671883,1118.8080849671883,0.0,1159.6690913750697,-0.035235056889746666
2022-09-27,1118.8080849671883,1118.8080849671883,0.0,1159.6690913750697,-0.035235056889746666
2022-09-28,1118.8080849671883,1118.8080849671883,0.0,1159.6690913750697,-0.035235056889746666
2022-09-29,1118.8080849671883,1118.8080849671883,0.0,1159.6690913750697,-0.035235056889746666
2022-09-30,1118.8080849671883,1118.8080849671883,0.0,1159.6690913750697,-0.035235056889746666
2022-10-03,1118.8080849671883,1118.8080849671883,0.0,1159.6690913750697,-0.035235056889746666
2022-10-04,1118.8080849671883,1118.8080849671883,0.0,1159.6690913750697,-0.035235056889746666
2022-10-05,1125.627990127768,950.98687222211,0.006095688127584209,1159.6690913750697,-0.029354150680119998
2022-10-06,1130.7429189982026,1130.7429189982026,0.004544066881149611,1159.6690913750697,-0.02494347102290019
2022-10-07,1130.7429189982026,1130.7429189982026,0.0,1159.6690913750697,-0.02494347102290019
2022-10-10,1130.7429189982026,1130.7429189982026,0.0,1159.6690913750697,-0.02494347102290019
2022-10-11,1130.7429189982026,1130.7429189982026,0.0,1159.6690913750697,-0.02494347102290019
2022-10-12,1130.7429189982026,1130.7429189982026,0.0,1159.6690913750697,-0.02494347102290019
2022-10-13,1130.7429189982026,1130.7429189982026,0.0,1159.6690913750697,-0.02494347102290019
2022-10-14,1130.7429189982026,1130.7429189982026,0.0,1159.6690913750697,-0.02494347102290019
2022-10-17,1130.7429189982026,1130.7429189982026,0.0,1159.6690913750697,-0.02494347102290019
2022-10-18,1130.7429189982026,1130.7429189982026,0.0,1159.6690913750697,-0.02494347102290019
2022-10-19,1130.7429189982026,1130.7429189982026,0.0,1159.6690913750697,-0.02494347102290019
2022-10-20,1130.7429189982026,1130.7429189982026,0.0,1159.6690913750697,-0.02494347102290019
2022-10-21,1130.7429189982026,1130.7429189982026,0.0,1159.6690913750697,-0.02494347102290019
2022-10-24,1130.7429189982026,1130.7429189982026,0.0,1159.6690913750697,-0.02494347102290019
2022-10-25,1130.7429189982026,1130.7429189982026,0.0,1159.6690913750697,-0.02494347102290019
2022-10-26,1130.7429189982026,1130.7429189982026,0.0,1159.6690913750697,-0.02494347102290019
2022-10-27,1130.7429189982026,1130.7429189982026,0.0,1159.6690913750697,-0.02494347102290019
2022-10-28,1130.7429189982026,1130.7429189982026,0.0,1159.6690913750697,-0.02494347102290019
2022-10-31,1130.7429189982026,1130.7429189982026,0.0,1159.6690913750697,-0.02494347102290019
2022-11-01,1130.7429189982026,1130.7429189982026,0.0,1159.6690913750697,-0.02494347102290019
2022-11-02,1130.7429189982026,1130.7429189982026,0.0,1159.6690913750697,-0.02494347102290019
2022-11-03,1130.7429189982026,1130.7429189982026,0.0,1159.6690913750697,-0.02494347102290019
2022-11-04,1130.7429189982026,1130.7429189982026,0.0,1159.6690913750697,-0.02494347102290019
2022-11-07,1130.7429189982026,1130.7429189982026,0.0,1159.6690913750697,-0.02494347102290019
2022-11-08,1130.7429189982026,1130.7429189982026,0.0,1159.6690913750697,-0.02494347102290019
2022-11-09,1130.7429189982026,1130.7429189982026,0.0,1159.6690913750697,-0.02494347102290019
2022-11-10,1130.7429189982026,1130.7429189982026,0.0,1159.6690913750697,-0.02494347102290019
2022-11-11,1130.7429189982026,1130.7429189982026,0.0,1159.6690913750697,-0.02494347102290019
2022-11-14,1130.7429189982026,1130.7429189982026,0.0,1159.6690913750697,-0.02494347102290019
2022-11-15,1130.7429189982026,1130.7429189982026,0.0,1159.6690913750697,-0.02494347102290019
2022-11-16,1130.7429189982026,1130.7429189982026,0.0,1159.6690913750697,-0.02494347102290019
2022-11-17,1130.7429189982026,1130.7429189982026,0.0,1159.6690913750697,-0.02494347102290019
2022-11-18,1130.7429189982026,1130.7429189982026,0.0,1159.6690913750697,-0.02494347102290019
2022-11-21,1130.7429189982026,1130.7429189982026,0.0,1159.6690913750697,-0.02494347102290019
2022-11-22,1130.7429189982026,1130.7429189982026,0.0,1159.6690913750697,-0.02494347102290019
2022-11-23,1130.7429189982026,1130.7429189982026,0.0,1159.6690913750697,-0.02494347102290019
2022-11-25,1130.7429189982026,1130.7429189982026,0.0,1159.6690913750697,-0.02494347102290019
2022-11-28,1130.7429189982026,1130.7429189982026,0.0,1159.6690913750697,-0.02494347102290019
2022-11-29,1130.7429189982026,1130.7429189982026,0.0,1159.6690913750697,-0.02494347102290019
2022-11-30,1130.7429189982026,1130.7429189982026,0.0,1159.6690913750697,-0.02494347102290019
2022-12-01,1130.7429189982026,1130.7429189982026,0.0,1159.6690913750697,-0.02494347102290019
2022-12-02,1130.7429189982026,1130.7429189982026,0.0,1159.6690913750697,-0.02494347102290019
2022-12-05,1130.7429189982026,1130.7429189982026,0.0,1159.6690913750697,-0.02494347102290019
2022-12-06,1130.7429189982026,1130.7429189982026,0.0,1159.6690913750697,-0.02494347102290019
2022-12-07,1130.7429189982026,1130.7429189982026,0.0,1159.6690913750697,-0.02494347102290019
2022-12-08,1130.7429189982026,1130.7429189982026,0.0,1159.6690913750697,-0.02494347102290019
2022-12-09,1130.7429189982026,1130.7429189982026,0.0,1159.6690913750697,-0.02494347102290019
2022-12-12,1130.7429189982026,1130.7429189982026,0.0,1159.6690913750697,-0.02494347102290019
2022-12-13,1130.7429189982026,1130.7429189982026,0.0,1159.6690913750697,-0.02494347102290019
2022-12-14,1130.7429189982026,1130.7429189982026,0.0,1159.6690913750697,-0.02494347102290019
2022-12-15,1130.7429189982026,1130.7429189982026,0.0,1159.6690913750697,-0.02494347102290019
2022-12-16,1130.7429189982026,1130.7429189982026,0.0,1159.6690913750697,-0.02494347102290019
2022-12-19,1130.7429189982026,1130.7429189982026,0.0,1159.6690913750697,-0.02494347102290019
2022-12-20,1130.7429189982026,1130.7429189982026,0.0,1159.6690913750697,-0.02494347102290019
2022-12-21,1130.7429189982026,1130.7429189982026,0.0,1159.6690913750697,-0.02494347102290019
2022-12-22,1130.7429189982026,1130.7429189982026,0.0,1159.6690913750697,-0.02494347102290019
2022-12-23,1130.7429189982026,1130.7429189982026,0.0,1159.6690913750697,-0.02494347102290019
2022-12-27,1130.7429189982026,1130.7429189982026,0.0,1159.6690913750697,-0.02494347102290019
2022-12-28,1130.7429189982026,1130.7429189982026,0.0,1159.6690913750697,-0.02494347102290019
2022-12-29,1130.7429189982026,1130.7429189982026,0.0,1159.6690913750697,-0.02494347102290019
2022-12-30,1130.7429189982026,1130.7429189982026,0.0,1159.6690913750697,-0.02494347102290019
2023-01-03,1130.7429189982026,1130.7429189982026,0.0,1159.6690913750697,-0.02494347102290019
2023-01-04,1130.7429189982026,1130.7429189982026,0.0,1159.6690913750697,-0.02494347102290019
2023-01-05,1130.7429189982026,1130.7429189982026,0.0,1159.6690913750697,-0.02494347102290019
2023-01-06,1130.7429189982026,1130.7429189982026,0.0,1159.6690913750697,-0.02494347102290019
2023-01-09,1130.7429189982026,1130.7429189982026,0.0,1159.6690913750697,-0.02494347102290019
2023-01-10,1130.7429189982026,1130.7429189982026,0.0,1159.6690913750697,-0.02494347102290019
2023-01-11,1130.7429189982026,1130.7429189982026,0.0,1159.6690913750697,-0.02494347102290019
2023-01-12,1130.7429189982026,1130.7429189982026,0.0,1159.6690913750697,-0.02494347102290019
2023-01-13,1130.7429189982026,1130.7429189982026,0.0,1159.6690913750697,-0.02494347102290019
2023-01-17,1130.7429189982026,1130.7429189982026,0.0,1159.6690913750697,-0.02494347102290019
2023-01-18,1130.7429189982026,1130.7429189982026,0.0,1159.6690913750697,-0.02494347102290019
2023-01-19,1130.7429189982026,1130.7429189982026,0.0,1159.6690913750697,-0.02494347102290019
2023-01-20,1130.7429189982026,1130.7429189982026,0.0,1159.6690913750697,-0.02494347102290019
2023-01-23,1130.7429189982026,1130.7429189982026,0.0,1159.6690913750697,-0.02494347102290019
2023-01-24,1130.7429189982026,1130.7429189982026,0.0,1159.6690913750697,-0.02494347102290019
2023-01-25,1130.7429189982026,1130.7429189982026,0.0,1159.6690913750697,-0.02494347102290019
2023-01-26,1130.7429189982026,1130.7429189982026,0.0,1159.6690913750697,-0.02494347102290019
2023-01-27,1130.7429189982026,1130.7429189982026,0.0,1159.6690913750697,-0.02494347102290019
2023-01-30,1130.7429189982026,1130.7429189982026,0.0,1159.6690913750697,-0.02494347102290019
2023-01-31,1130.7429189982026,1130.7429189982026,0.0,1159.6690913750697,-0.02494347102290019
2023-02-01,1130.7429189982026,1130.7429189982026,0.0,1159.6690913750697,-0.02494347102290019
2023-02-02,1130.7429189982026,1130.7429189982026,0.0,1159.6690913750697,-0.02494347102290019
2023-02-03,1130.7429189982026,1130.7429189982026,0.0,1159.6690913750697,-0.02494347102290019
2023-02-06,1130.7429189982026,1130.7429189982026,0.0,1159.6690913750697,-0.02494347102290019
2023-02-07,1130.7429189982026,1130.7429189982026,0.0,1159.6690913750697,-0.02494347102290019
2023-02-08,1130.7429189982026,1130.7429189982026,0.0,1159.6690913750697,-0.02494347102290019
2023-02-09,1130.7429189982026,1130.7429189982026,0.0,1159.6690913750697,-0.02494347102290019
2023-02-10,1130.7429189982026,1130.7429189982026,0.0,1159.6690913750697,-0.02494347102290019
2023-02-13,1130.7429189982026,1130.7429189982026,0.0,1159.6690913750697,-0.02494347102290019
2023-02-14,1130.7429189982026,1130.7429189982026,0.0,1159.6690913750697,-0.02494347102290019
2023-02-15,1130.7429189982026,1130.7429189982026,0.0,1159.6690913750697,-0.02494347102290019
2023-02-16,1130.7429189982026,1130.7429189982026,0.0,1159.6690913750697,-0.02494347102290019
2023-02-17,1130.7429189982026,1130.7429189982026,0.0,1159.6690913750697,-0.02494347102290019
2023-02-21,1130.7429189982026,1130.7429189982026,0.0,1159.6690913750697,-0.02494347102290019
2023-02-22,1130.7429189982026,1130.7429189982026,0.0,1159.6690913750697,-0.02494347102290019
2023-02-23,1130.7429189982026,1130.7429189982026,0.0,1159.6690913750697,-0.02494347102290019
2023-02-24,1130.7429189982026,1130.7429189982026,0.0,1159.6690913750697,-0.02494347102290019
2023-02-27,1130.7429189982026,1130.7429189982026,0.0,1159.6690913750697,-0.02494347102290019
2023-02-28,1130.7429189982026,1130.7429189982026,0.0,1159.6690913750697,-0.02494347102290019
2023-03-01,1130.7429189982026,1130.7429189982026,0.0,1159.6690913750697,-0.02494347102290019
2023-03-02,1130.7429189982026,1130.7429189982026,0.0,1159.6690913750697,-0.02494347102290019
2023-03-03,1130.7429189982026,1130.7429189982026,0.0,1159.6690913750697,-0.02494347102290019
2023-03-06,1130.7429189982026,1130.7429189982026,0.0,1159.6690913750697,-0.02494347102290019
2023-03-07,1127.5383462511877,961.1314811484723,-0.0028340418437942105,1159.6690913750697,-0.027706822026086052
2023-03-08,1127.0435225181927,961.1314811484723,-0.0004388531304856391,1159.6690913750697,-0.02813351593098977
2023-03-09,1125.106641049041,961.1314811484723,-0.00171855073069771,1159.6690913750697,-0.0298037177873272
2023-03-10,1121.5768984203437,1121.5768984203437,-0.0031372516167944564,1159.6690913750697,-0.03284746764230685
2023-03-13,1121.5768984203437,1121.5768984203437,0.0,1159.6690913750697,-0.03284746764230685
2023-03-14,1121.5768984203437,1121.5768984203437,0.0,1159.6690913750697,-0.03284746764230685
2023-03-15,1121.5768984203437,1121.5768984203437,0.0,1159.6690913750697,-0.03284746764230685
2023-03-16,1121.5768984203437,1121.5768984203437,0.0,1159.6690913750697,-0.03284746764230685
2023-03-17,1121.5768984203437,1121.5768984203437,0.0,1159.6690913750697,-0.03284746764230685
2023-03-20,1121.5768984203437,1121.5768984203437,0.0,1159.6690913750697,-0.03284746764230685
2023-03-21,1121.5768984203437,1121.5768984203437,0.0,1159.6690913750697,-0.03284746764230685
2023-03-22,1121.5768984203437,1121.5768984203437,0.0,1159.6690913750697,-0.03284746764230685
2023-03-23,1121.5768984203437,1121.5768984203437,0.0,1159.6690913750697,-0.03284746764230685
2023-03-24,1121.5768984203437,1121.5768984203437,0.0,1159.6690913750697,-0.03284746764230685
2023-03-27,1121.5768984203437,1121.5768984203437,0.0,1159.6690913750697,-0.03284746764230685
2023-03-28,1121.5768984203437,1121.5768984203437,0.0,1159.6690913750697,-0.03284746764230685
2023-03-29,1124.5168192532417,953.3403636572922,0.0026212387550408334,1159.6690913750697,-0.030312329942454898
2023-03-30,1125.3170343911902,953.3403636572922,0.0007116079761972927,1159.6690913750697,-0.029622292462021884
2023-03-31,1125.456202241268,953.3403636572922,0.00012366990441337045,1159.6690913750697,-0.029502285943685782
2023-04-03,1135.737227165781,1135.737227165781,0.00913498446588945,1159.6690913750697,-0.020636804401600192
2023-04-04,1135.737227165781,1135.737227165781,0.0,1159.6690913750697,-0.020636804401600192
2023-04-05,1135.737227165781,1135.737227165781,0.0,1159.6690913750697,-0.020636804401600192
2023-04-06,1135.737227165781,1135.737227165781,0.0,1159.6690913750697,-0.020636804401600192
2023-04-10,1135.737227165781,1135.737227165781,0.0,1159.6690913750697,-0.020636804401600192
2023-04-11,1135.737227165781,1135.737227165781,0.0,1159.6690913750697,-0.020636804401600192
2023-04-12,1135.737227165781,1135.737227165781,0.0,1159.6690913750697,-0.020636804401600192
2023-04-13,1135.737227165781,1135.737227165781,0.0,1159.6690913750697,-0.020636804401600192
2023-04-14,1135.737227165781,1135.737227165781,0.0,1159.6690913750697,-0.020636804401600192
2023-04-17,1135.737227165781,1135.737227165781,0.0,1159.6690913750697,-0.020636804401600192
2023-04-18,1135.737227165781,1135.737227165781,0.0,1159.6690913750697,-0.020636804401600192
2023-04-19,1135.737227165781,1135.737227165781,0.0,1159.6690913750697,-0.020636804401600192
2023-04-20,1135.737227165781,1135.737227165781,0.0,1159.6690913750697,-0.020636804401600192
2023-04-21,1135.737227165781,1135.737227165781,0.0,1159.6690913750697,-0.020636804401600192
2023-04-24,1135.737227165781,1135.737227165781,0.0,1159.6690913750697,-0.020636804401600192
2023-04-25,1135.737227165781,1135.737227165781,0.0,1159.6690913750697,-0.020636804401600192
2023-04-26,1135.737227165781,1135.737227165781,0.0,1159.6690913750697,-0.020636804401600192
2023-04-27,1135.737227165781,1135.737227165781,0.0,1159.6690913750697,-0.020636804401600192
2023-04-28,1135.737227165781,1135.737227165781,0.0,1159.6690913750697,-0.020636804401600192
2023-05-01,1135.737227165781,1135.737227165781,0.0,1159.6690913750697,-0.020636804401600192
2023-05-02,1135.737227165781,1135.737227165781,0.0,1159.6690913750697,-0.020636804401600192
2023-05-03,1135.737227165781,1135.737227165781,0.0,1159.6690913750697,-0.020636804401600192
2023-05-04,1135.737227165781,1135.737227165781,0.0,1159.6690913750697,-0.020636804401600192
2023-05-05,1135.737227165781,1135.737227165781,0.0,1159.6690913750697,-0.020636804401600192
2023-05-08,1135.737227165781,1135.737227165781,0.0,1159.6690913750697,-0.020636804401600192
2023-05-09,1135.8268717585377,965.3766430909138,7.893075142084705e-05,1159.6690913750697,-0.020559502528657785
2023-05-10,1139.287153038947,965.3766430909138,0.0030464865433690314,1159.6690913750697,-0.017575650233080616
2023-05-11,1139.5381578986658,965.3766430909138,0.00022031746697859234,1159.6690913750697,-0.017359204988841952
2023-05-12,1136.203379048116,965.3766430909138,-0.002926430174746586,1159.6690913750697,-0.020234834662299594
2023-05-15,1140.0043097810008,965.3766430909138,0.0033452908193858377,1159.6690913750697,-0.016957235249541357
2023-05-16,1147.265521794295,1147.265521794295,0.006369460142382266,1159.6690913750697,-0.01069578354120595
2023-05-17,1147.265521794295,1147.265521794295,0.0,1159.6690913750697,-0.01069578354120595
2023-05-18,1147.265521794295,1147.265521794295,0.0,1159.6690913750697,-0.01069578354120595
2023-05-19,1147.265521794295,1147.265521794295,0.0,1159.6690913750697,-0.01069578354120595
2023-05-22,1147.265521794295,1147.265521794295,0.0,1159.6690913750697,-0.01069578354120595
2023-05-23,1147.265521794295,1147.265521794295,0.0,1159.6690913750697,-0.01069578354120595
2023-05-24,1147.265521794295,1147.265521794295,0.0,1159.6690913750697,-0.01069578354120595
2023-05-25,1147.265521794295,1147.265521794295,0.0,1159.6690913750697,-0.01069578354120595
2023-05-26,1147.265521794295,1147.265521794295,0.0,1159.6690913750697,-0.01069578354120595
2023-05-30,1147.265521794295,1147.265521794295,0.0,1159.6690913750697,-0.01069578354120595
2023-05-31,1147.265521794295,1147.265521794295,0.0,1159.6690913750697,-0.01069578354120595
2023-06-01,1147.265521794295,1147.265521794295,0.0,1159.6690913750697,-0.01069578354120595
2023-06-02,1147.265521794295,1147.265521794295,0.0,1159.6690913750697,-0.01069578354120595
2023-06-05,1147.265521794295,1147.265521794295,0.0,1159.6690913750697,-0.01069578354120595
2023-06-06,1147.265521794295,1147.265521794295,0.0,1159.6690913750697,-0.01069578354120595
2023-06-07,1147.265521794295,1147.265521794295,0.0,1159.6690913750697,-0.01069578354120595
2023-06-08,1147.265521794295,1147.265521794295,0.0,1159.6690913750697,-0.01069578354120595
2023-06-09,1147.265521794295,1147.265521794295,0.0,1159.6690913750697,-0.01069578354120595
2023-06-12,1147.265521794295,1147.265521794295,0.0,1159.6690913750697,-0.01069578354120595
2023-06-13,1147.265521794295,1147.265521794295,0.0,1159.6690913750697,-0.01069578354120595
2023-06-14,1147.265521794295,1147.265521794295,0.0,1159.6690913750697,-0.01069578354120595
2023-06-15,1147.265521794295,1147.265521794295,0.0,1159.6690913750697,-0.01069578354120595
2023-06-16,1147.265521794295,1147.265521794295,0.0,1159.6690913750697,-0.01069578354120595
2023-06-20,1147.265521794295,1147.265521794295,0.0,1159.6690913750697,-0.01069578354120595
2023-06-21,1147.265521794295,1147.265521794295,0.0,1159.6690913750697,-0.01069578354120595
2023-06-22,1147.265521794295,1147.265521794295,0.0,1159.6690913750697,-0.01069578354120595
2023-06-23,1147.265521794295,1147.265521794295,0.0,1159.6690913750697,-0.01069578354120595
2023-06-26,1147.265521794295,1147.265521794295,0.0,1159.6690913750697,-0.01069578354120595
2023-06-27,1147.265521794295,1147.265521794295,0.0,1159.6690913750697,-0.01069578354120595
2023-06-28,1147.265521794295,1147.265521794295,0.0,1159.6690913750697,-0.01069578354120595
2023-06-29,1147.265521794295,1147.265521794295,0.0,1159.6690913750697,-0.01069578354120595
2023-06-30,1147.265521794295,1147.265521794295,0.0,1159.6690913750697,-0.01069578354120595
2023-07-03,1147.265521794295,1147.265521794295,0.0,1159.6690913750697,-0.01069578354120595
2023-07-05,1147.265521794295,1147.265521794295,0.0,1159.6690913750697,-0.01069578354120595
2023-07-06,1147.265521794295,1147.265521794295,0.0,1159.6690913750697,-0.01069578354120595
2023-07-07,1147.265521794295,1147.265521794295,0.0,1159.6690913750697,-0.01069578354120595
2023-07-10,1147.265521794295,1147.265521794295,0.0,1159.6690913750697,-0.01069578354120595
2023-07-11,1147.265521794295,1147.265521794295,0.0,1159.6690913750697,-0.01069578354120595
2023-07-12,1147.265521794295,1147.265521794295,0.0,1159.6690913750697,-0.01069578354120595
2023-07-13,1147.265521794295,1147.265521794295,0.0,1159.6690913750697,-0.01069578354120595
2023-07-14,1147.265521794295,1147.265521794295,0.0,1159.6690913750697,-0.01069578354120595
2023-07-17,1147.265521794295,1147.265521794295,0.0,1159.6690913750697,-0.01069578354120595
2023-07-18,1147.265521794295,1147.265521794295,0.0,1159.6690913750697,-0.01069578354120595
2023-07-19,1147.265521794295,1147.265521794295,0.0,1159.6690913750697,-0.01069578354120595
2023-07-20,1147.265521794295,1147.265521794295,0.0,1159.6690913750697,-0.01069578354120595
2023-07-21,1147.265521794295,1147.265521794295,0.0,1159.6690913750697,-0.01069578354120595
2023-07-24,1147.265521794295,1147.265521794295,0.0,1159.6690913750697,-0.01069578354120595
2023-07-25,1147.265521794295,1147.265521794295,0.0,1159.6690913750697,-0.01069578354120595
2023-07-26,1147.265521794295,1147.265521794295,0.0,1159.6690913750697,-0.01069578354120595
2023-07-27,1147.265521794295,1147.265521794295,0.0,1159.6690913750697,-0.01069578354120595
2023-07-28,1147.265521794295,1147.265521794295,0.0,1159.6690913750697,-0.01069578354120595
2023-07-31,1147.265521794295,1147.265521794295,0.0,1159.6690913750697,-0.01069578354120595
2023-08-01,1147.265521794295,1147.265521794295,0.0,1159.6690913750697,-0.01069578354120595
2023-08-02,1147.265521794295,1147.265521794295,0.0,1159.6690913750697,-0.01069578354120595
2023-08-03,1147.265521794295,1147.265521794295,0.0,1159.6690913750697,-0.01069578354120595
2023-08-04,1147.265521794295,1147.265521794295,0.0,1159.6690913750697,-0.01069578354120595
2023-08-07,1147.265521794295,1147.265521794295,0.0,1159.6690913750697,-0.01069578354120595
2023-08-08,1147.265521794295,1147.265521794295,0.0,1159.6690913750697,-0.01069578354120595
2023-08-09,1147.265521794295,1147.265521794295,0.0,1159.6690913750697,-0.01069578354120595
2023-08-10,1147.265521794295,1147.265521794295,0.0,1159.6690913750697,-0.01069578354120595
2023-08-11,1147.265521794295,1147.265521794295,0.0,1159.6690913750697,-0.01069578354120595
2023-08-14,1147.265521794295,1147.265521794295,0.0,1159.6690913750697,-0.01069578354120595
2023-08-15,1147.265521794295,1147.265521794295,0.0,1159.6690913750697,-0.01069578354120595
2023-08-16,1147.265521794295,1147.265521794295,0.0,1159.6690913750697,-0.01069578354120595
2023-08-17,1147.265521794295,1147.265521794295,0.0,1159.6690913750697,-0.01069578354120595
2023-08-18,1147.265521794295,1147.265521794295,0.0,1159.6690913750697,-0.01069578354120595
2023-08-21,1147.265521794295,1147.265521794295,0.0,1159.6690913750697,-0.01069578354120595
2023-08-22,1147.265521794295,1147.265521794295,0.0,1159.6690913750697,-0.01069578354120595
2023-08-23,1147.265521794295,1147.265521794295,0.0,1159.6690913750697,-0.01069578354120595
2023-08-24,1147.265521794295,1147.265521794295,0.0,1159.6690913750697,-0.01069578354120595
2023-08-25,1147.265521794295,1147.265521794295,0.0,1159.6690913750697,-0.01069578354120595
2023-08-28,1147.4097956275186,975.1756935251507,0.0001257545271631244,1159.6690913750697,-0.01057137405724479
2023-08-29,1160.7118430507371,975.1756935251507,0.011593109518420741,1160.7118430507371,0.0
2023-08-30,1160.6036376758193,975.1756935251507,-9.322328842054084e-05,1160.7118430507371,-9.322328842050585e-05
2023-08-31,1161.3322205335987,975.1756935251507,0.0006277619974019988,1161.3322205335987,0.0
2023-09-01,1151.8858913032816,975.1756935251507,-0.00813404559289399,1161.3322205335987,-0.00813404559289401
2023-09-05,1160.1996709427933,975.1756935251507,0.007217537520235906,1161.3322205335987,-0.0009752158519162044
2023-09-06,1156.9535096952616,975.1756935251507,-0.0027979332599653572,1161.3322205335987,-0.003770420523013875
2023-09-07,1157.264170089035,801.6326670708614,0.0002685158834558887,1161.3322205335987,-0.0035029170573556215
2023-09-08,1155.827570384536,801.6326670708614,-0.0012413757736821074,1161.3322205335987,-0.004739944394665463
2023-09-11,1176.4705917550746,801.6326670708614,0.017859948922719138,1176.4705917550746,0.0
2023-09-12,1171.9836755418198,801.6326670708614,-0.0038138787698561716,1176.4705917550746,-0.003813878769856119
2023-09-13,1175.094263960807,801.6326670708614,0.002654122650257218,1176.4705917550746,-0.0011698786216273857
2023-09-14,1180.054507952429,980.9566181038216,0.004221145608270582,1180.054507952429,0.0
2023-09-15,1178.929172053285,1178.929172053285,-0.0009536304395775241,1180.054507952429,-0.0009536304395775525
2023-09-18,1178.929172053285,1178.929172053285,0.0,1180.054507952429,-0.0009536304395775525
2023-09-19,1178.929172053285,1178.929172053285,0.0,1180.054507952429,-0.0009536304395775525
2023-09-20,1178.929172053285,1178.929172053285,0.0,1180.054507952429,-0.0009536304395775525
2023-09-21,1178.929172053285,1178.929172053285,0.0,1180.054507952429,-0.0009536304395775525
2023-09-22,1178.929172053285,1178.929172053285,0.0,1180.054507952429,-0.0009536304395775525
2023-09-25,1178.929172053285,1178.929172053285,0.0,1180.054507952429,-0.0009536304395775525
2023-09-26,1178.929172053285,1178.929172053285,0.0,1180.054507952429,-0.0009536304395775525
2023-09-27,1178.929172053285,1178.929172053285,0.0,1180.054507952429,-0.0009536304395775525
2023-09-28,1178.929172053285,1178.929172053285,0.0,1180.054507952429,-0.0009536304395775525
2023-09-29,1178.929172053285,1178.929172053285,0.0,1180.054507952429,-0.0009536304395775525
2023-10-02,1179.6857777062946,1002.0897962452922,0.0006417736289381359,1180.054507952429,-0.00031246882550723943
2023-10-03,1170.8983969221838,884.7643332797209,-0.007448916440440989,1180.054507952429,-0.007759057711776787
2023-10-04,1178.9051512410836,884.7643332797209,0.0068381290297656605,1180.054507952429,-0.0009739861197935643
2023-10-05,1178.7522614984407,884.7643332797209,-0.00012968790787104556,1180.054507952429,-0.0011035477134424393
2023-10-06,1188.9676284843276,884.7643332797209,0.008666254411169527,1188.9676284843276,0.0
2023-10-09,1187.2626424496204,884.7643332797209,-0.0014340054294671445,1188.9676284843276,-0.0014340054294671356
2023-10-10,1193.769511575315,706.6749369122778,0.005480564192830384,1193.769511575315,0.0
2023-10-11,1194.4495835926725,706.6749369122778,0.0005696845251643712,1194.4495835926725,0.0
2023-10-12,1196.5619299264047,706.6749369122778,0.0017684683914231947,1196.5619299264047,0.0
2023-10-13,1187.0087638037423,706.6749369122778,-0.007983845953756785,1196.5619299264047,-0.007983845953756783
2023-10-16,1192.6033362575936,706.6749369122778,0.004713168617157981,1196.5619299264047,-0.0033083065487923106
2023-10-17,1185.8113135467845,706.6749369122778,-0.0056951230172829215,1196.5619299264047,-0.008984588353301022
2023-10-18,1173.2323875868722,817.1605638639973,-0.010607864688260138,1196.5619299264047,-0.019497145744029654
2023-10-19,1170.7778912782605,817.1605638639973,-0.0020920802516031234,1196.5619299264047,-0.02154843640205902
2023-10-20,1166.2325563157947,641.0126228201713,-0.0038823204608887663,1196.5619299264047,-0.025347098927403965
2023-10-23,1164.8269160799873,816.7870583357812,-0.0012052829671020948,1196.5619299264047,-0.026521831467903413
2023-10-24,1166.0465936567161,816.7870583357812,0.0010470891081684197,1196.5619299264047,-0.02550251308059366
2023-10-25,1165.4232951221948,816.7870583357812,-0.0005345399900074099,1196.5619299264047,-0.026023420957513765
2023-10-26,1160.4152288388284,816.7870583357812,-0.004297207979561901,1196.5619299264047,-0.03020880088488149
2023-10-27,1154.859806567423,980.8607024864866,-0.004787443436919059,1196.5619299264047,-0.03485162139626705
2023-10-30,1160.1060107105668,980.8607024864866,0.004542719482754309,1196.5619299264047,-0.03046722305303505
2023-10-31,1161.1594085842207,806.8448008799016,0.0009080186327183881,1196.5619299264047,-0.029586869226535896
2023-11-01,1173.8290812345183,632.6708895922685,0.010911225932144442,1196.5619299264047,-0.018998472309147068
2023-11-02,1178.9534230755607,517.124335020742,0.0043654923216360775,1196.5619299264047,-0.014715917672499364
2023-11-03,1189.7362096267125,706.1625576453573,0.009146066621548599,1196.5619299264047,-0.0057044438143807686
2023-11-06,1190.6126523153891,527.7021262013504,0.0007366697605610817,1196.5619299264047,-0.004971976345078475
2023-11-07,1201.491224064961,902.6485663033947,0.009136952919504227,1201.491224064961,0.0
2023-11-08,1202.589679754285,902.6485663033947,0.0009142436226938777,1202.589679754285,0.0
2023-11-09,1199.0434305535018,722.2601143402519,-0.0029488438662701455,1202.589679754285,-0.0029488438662701624
2023-11-10,1207.204352563785,722.2601143402519,0.006806193839464125,1207.204352563785,0.0
2023-11-13,1205.8286896243924,722.2601143402519,-0.001139544383244706,1207.204352563785,-0.0011395443832447438
2023-11-14,1211.6176648016067,722.2601143402519,0.004800827204582081,1211.6176648016067,0.0
2023-11-15,1213.7566671562618,846.097634263898,0.0017654103408977218,1213.7566671562618,0.0
2023-11-16,1216.9697037672402,846.097634263898,0.002647183490663174,1216.9697037672402,0.0
2023-11-17,1216.2676067371042,846.097634263898,-0.0005769223571979731,1216.9697037672402,-0.0005769223571980213
2023-11-20,1219.5012300580174,1033.0271517702308,0.002658644613242833,1219.5012300580174,0.0
2023-11-21,1220.5224009152141,1033.0271517702308,0.0008373676319688439,1220.5224009152141,0.0
2023-11-22,1222.5509430234288,1033.0271517702308,0.001662027756879736,1222.5509430234288,0.0
2023-11-24,1220.067013911329,1033.0271517702308,-0.002031759188665716,1222.5509430234288,-0.002031759188665692
2023-11-27,1219.763422575406,1033.0271517702308,-0.0002488316891298137,1222.5509430234288,-0.002280085311724667
2023-11-28,1220.7155954017107,1033.0271517702308,0.0007806209045804202,1222.5509430234288,-0.0015012442894028805
2023-11-29,1217.7900788919046,1217.7900788919046,-0.002396558642181801,1222.5509430234288,-0.0038942051116089334
2023-11-30,1217.7900788919046,1217.7900788919046,0.0,1222.5509430234288,-0.0038942051116089334
2023-12-01,1217.7900788919046,1217.7900788919046,0.0,1222.5509430234288,-0.0038942051116089334
2023-12-04,1217.7900788919046,1217.7900788919046,0.0,1222.5509430234288,-0.0038942051116089334
2023-12-05,1217.7900788919046,1217.7900788919046,0.0,1222.5509430234288,-0.0038942051116089334
2023-12-06,1217.7900788919046,1217.7900788919046,0.0,1222.5509430234288,-0.0038942051116089334
2023-12-07,1217.7900788919046,1217.7900788919046,0.0,1222.5509430234288,-0.0038942051116089334
2023-12-08,1217.7900788919046,1217.7900788919046,0.0,1222.5509430234288,-0.0038942051116089334
2023-12-11,1217.7900788919046,1217.7900788919046,0.0,1222.5509430234288,-0.0038942051116089334
2023-12-12,1217.7900788919046,1217.7900788919046,0.0,1222.5509430234288,-0.0038942051116089334
2023-12-13,1217.7900788919046,1217.7900788919046,0.0,1222.5509430234288,-0.0038942051116089334
2023-12-14,1217.7900788919046,1217.7900788919046,0.0,1222.5509430234288,-0.0038942051116089334
2023-12-15,1217.7900788919046,1217.7900788919046,0.0,1222.5509430234288,-0.0038942051116089334
2023-12-18,1217.7900788919046,1217.7900788919046,0.0,1222.5509430234288,-0.0038942051116089334
2023-12-19,1217.7900788919046,1217.7900788919046,0.0,1222.5509430234288,-0.0038942051116089334
2023-12-20,1217.7900788919046,1217.7900788919046,0.0,1222.5509430234288,-0.0038942051116089334
2023-12-21,1217.7900788919046,1217.7900788919046,0.0,1222.5509430234288,-0.0038942051116089334
2023-12-22,1217.7900788919046,1217.7900788919046,0.0,1222.5509430234288,-0.0038942051116089334
2023-12-26,1217.7900788919046,1217.7900788919046,0.0,1222.5509430234288,-0.0038942051116089334
2023-12-27,1217.7900788919046,1217.7900788919046,0.0,1222.5509430234288,-0.0038942051116089334
2023-12-28,1217.7900788919046,1217.7900788919046,0.0,1222.5509430234288,-0.0038942051116089334
2023-12-29,1217.7900788919046,1217.7900788919046,0.0,1222.5509430234288,-0.0038942051116089334
2024-01-02,1217.7900788919046,1217.7900788919046,0.0,1222.5509430234288,-0.0038942051116089334
2024-01-03,1217.7900788919046,1217.7900788919046,0.0,1222.5509430234288,-0.0038942051116089334
2024-01-04,1218.839288840358,1035.121567058119,0.000861568809468416,1222.5509430234288,-0.0030359914278023244
2024-01-05,1216.1332456736395,1035.121567058119,-0.002220180454876153,1222.5509430234288,-0.005249431433849266
2024-01-08,1215.857695586167,1035.121567058119,-0.00022657886251598036,1222.5509430234288,-0.005474820886162059
2024-01-09,1216.4158611479706,1035.121567058119,0.0004590714553438513,1222.5509430234288,-0.005018262764810247
2024-01-10,1216.2250957027973,1035.121567058119,-0.00015682584489928875,1222.5509430234288,-0.005174301616411483
2024-01-11,1216.896307454333,1035.121567058119,0.0005518811886939812,1222.5509430234288,-0.004625276027444324
2024-01-12,1210.805943982502,1210.805943982502,-0.005004833554447807,1222.5509430234288,-0.009606960845231407
2024-01-16,1210.805943982502,1210.805943982502,0.0,1222.5509430234288,-0.009606960845231407
2024-01-17,1210.805943982502,1210.805943982502,0.0,1222.5509430234288,-0.009606960845231407
2024-01-18,1210.805943982502,1210.805943982502,0.0,1222.5509430234288,-0.009606960845231407
2024-01-19,1210.805943982502,1210.805943982502,0.0,1222.5509430234288,-0.009606960845231407
2024-01-22,1213.0284265422674,1029.1850523851267,0.0018355398491483044,1222.5509430234288,-0.00778905495554377
2024-01-23,1214.206725485591,1029.1850523851267,0.0009713696048181397,1222.5509430234288,-0.006825251401959627
2024-01-24,1213.6702641780616,1029.1850523851267,-0.0004418204052648589,1222.5509430234288,-0.007264056271884076
2024-01-25,1213.315816528444,1029.1850523851267,-0.00029204608539845633,1222.5509430234288,-0.007553980918084177
2024-01-26,1211.5818969451786,1029.1850523851267,-0.00142907523304725,1222.5509430234288,-0.008972260944090508
2024-01-29,1211.0166966390316,1029.1850523851267,-0.0004664978137854936,1222.5509430234288,-0.009434573217760917
2024-01-30,1207.4434811442363,1029.1850523851267,-0.002950591436692851,1222.5509430234288,-0.012357327083508639
2024-01-31,1204.042699641147,1204.042699641147,-0.002816514028355699,1222.5509430234288,-0.015139036526780605
2024-02-01,1204.042699641147,1204.042699641147,0.0,1222.5509430234288,-0.015139036526780605
2024-02-02,1204.042699641147,1204.042699641147,0.0,1222.5509430234288,-0.015139036526780605
2024-02-05,1204.042699641147,1204.042699641147,0.0,1222.5509430234288,-0.015139036526780605
2024-02-06,1204.042699641147,1204.042699641147,0.0,1222.5509430234288,-0.015139036526780605
2024-02-07,1204.042699641147,1204.042699641147,0.0,1222.5509430234288,-0.015139036526780605
2024-02-08,1204.042699641147,1204.042699641147,0.0,1222.5509430234288,-0.015139036526780605
2024-02-09,1204.042699641147,1204.042699641147,0.0,1222.5509430234288,-0.015139036526780605
2024-02-12,1204.042699641147,1204.042699641147,0.0,1222.5509430234288,-0.015139036526780605
2024-02-13,1204.042699641147,1204.042699641147,0.0,1222.5509430234288,-0.015139036526780605
2024-02-14,1204.042699641147,1204.042699641147,0.0,1222.5509430234288,-0.015139036526780605
2024-02-15,1204.042699641147,1204.042699641147,0.0,1222.5509430234288,-0.015139036526780605
2024-02-16,1204.042699641147,1204.042699641147,0.0,1222.5509430234288,-0.015139036526780605
2024-02-20,1204.042699641147,1204.042699641147,0.0,1222.5509430234288,-0.015139036526780605
2024-02-21,1204.042699641147,1204.042699641147,0.0,1222.5509430234288,-0.015139036526780605
2024-02-22,1204.042699641147,1204.042699641147,0.0,1222.5509430234288,-0.015139036526780605
2024-02-23,1204.042699641147,1204.042699641147,0.0,1222.5509430234288,-0.015139036526780605
2024-02-26,1204.042699641147,1204.042699641147,0.0,1222.5509430234288,-0.015139036526780605
2024-02-27,1204.042699641147,1204.042699641147,0.0,1222.5509430234288,-0.015139036526780605
2024-02-28,1204.042699641147,1204.042699641147,0.0,1222.5509430234288,-0.015139036526780605
2024-02-29,1204.042699641147,1204.042699641147,0.0,1222.5509430234288,-0.015139036526780605
2024-03-01,1204.042699641147,1204.042699641147,0.0,1222.5509430234288,-0.015139036526780605
2024-03-04,1204.042699641147,1204.042699641147,0.0,1222.5509430234288,-0.015139036526780605
2024-03-05,1204.042699641147,1204.042699641147,0.0,1222.5509430234288,-0.015139036526780605
2024-03-06,1204.042699641147,1204.042699641147,0.0,1222.5509430234288,-0.015139036526780605
2024-03-07,1204.042699641147,1204.042699641147,0.0,1222.5509430234288,-0.015139036526780605
2024-03-08,1204.042699641147,1204.042699641147,0.0,1222.5509430234288,-0.015139036526780605
2024-03-11,1204.042699641147,1204.042699641147,0.0,1222.5509430234288,-0.015139036526780605
2024-03-12,1204.042699641147,1204.042699641147,0.0,1222.5509430234288,-0.015139036526780605
2024-03-13,1204.042699641147,1204.042699641147,0.0,1222.5509430234288,-0.015139036526780605
2024-03-14,1208.3664180174183,1023.436294694975,0.003591000865301508,1222.5509430234288,-0.011602399954746661
2024-03-15,1205.8920008743714,1023.436294694975,-0.002047737429766272,1222.5509430234288,-0.013626378715850445
2024-03-18,1214.1487401832749,1023.436294694975,0.006846997328878945,1222.5509430234288,-0.0068726811656411166
2024-03-19,1213.3412987997544,1023.436294694975,-0.0006650267440861946,1222.5509430234288,-0.007533137392948573
2024-03-20,1215.5682742284964,1023.436294694975,0.0018354072600552662,1222.5509430234288,-0.005711556507955298
2024-03-21,1214.0966471907898,1023.436294694975,-0.0012106494294947812,1222.5509430234288,-0.006915291244822159
2024-03-22,1218.198970348999,1218.198970348999,0.0033789098814343,1222.5509430234288,-0.003559747509308016
2024-03-25,1218.198970348999,1218.198970348999,0.0,1222.5509430234288,-0.003559747509308016
2024-03-26,1218.198970348999,1218.198970348999,0.0,1222.5509430234288,-0.003559747509308016
2024-03-27,1218.198970348999,1218.198970348999,0.0,1222.5509430234288,-0.003559747509308016
2024-03-28,1218.198970348999,1218.198970348999,0.0,1222.5509430234288,-0.003559747509308016
2024-04-01,1218.198970348999,1218.198970348999,0.0,1222.5509430234288,-0.003559747509308016
2024-04-02,1218.198970348999,1218.198970348999,0.0,1222.5509430234288,-0.003559747509308016
2024-04-03,1218.198970348999,1218.198970348999,0.0,1222.5509430234288,-0.003559747509308016
2024-04-04,1218.198970348999,1218.198970348999,0.0,1222.5509430234288,-0.003559747509308016
2024-04-05,1218.198970348999,1218.198970348999,0.0,1222.5509430234288,-0.003559747509308016
2024-04-08,1218.198970348999,1218.198970348999,0.0,1222.5509430234288,-0.003559747509308016
2024-04-09,1218.198970348999,1218.198970348999,0.0,1222.5509430234288,-0.003559747509308016
2024-04-10,1218.198970348999,1218.198970348999,0.0,1222.5509430234288,-0.003559747509308016
2024-04-11,1218.198970348999,1218.198970348999,0.0,1222.5509430234288,-0.003559747509308016
2024-04-12,1218.198970348999,1218.198970348999,0.0,1222.5509430234288,-0.003559747509308016
2024-04-15,1218.198970348999,1218.198970348999,0.0,1222.5509430234288,-0.003559747509308016
2024-04-16,1218.198970348999,1218.198970348999,0.0,1222.5509430234288,-0.003559747509308016
2024-04-17,1218.198970348999,1218.198970348999,0.0,1222.5509430234288,-0.003559747509308016
2024-04-18,1218.198970348999,1218.198970348999,0.0,1222.5509430234288,-0.003559747509308016
2024-04-19,1218.198970348999,1218.198970348999,0.0,1222.5509430234288,-0.003559747509308016
2024-04-22,1218.198970348999,1218.198970348999,0.0,1222.5509430234288,-0.003559747509308016
2024-04-23,1218.198970348999,1218.198970348999,0.0,1222.5509430234288,-0.003559747509308016
2024-04-24,1218.198970348999,1218.198970348999,0.0,1222.5509430234288,-0.003559747509308016
2024-04-25,1218.198970348999,1218.198970348999,0.0,1222.5509430234288,-0.003559747509308016
2024-04-26,1218.3369838275128,1035.469124796649,0.00011329305135943102,1222.5509430234288,-0.0034468577526059366
2024-04-29,1218.0708149760933,1035.469124796649,-0.00021846899088895366,1222.5509430234288,-0.0036645737119599337
2024-04-30,1214.7607789642109,852.7585025502351,-0.002717441359882944,1222.5509430234288,-0.006372056807671693
2024-05-01,1193.6460035611492,729.8687450400688,-0.01738183827524098,1222.5509430234288,-0.023643137022001087
2024-05-02,1199.7454441095358,729.8687450400688,0.005109924156901924,1222.5509430234288,-0.018654027502112785
2024-05-03,1207.8974602548012,729.8687450400688,0.006794788165514598,1222.5509430234288,-0.011985989501908828
2024-05-06,1220.0786966826074,729.8687450400688,0.01008466101521277,1222.5509430234288,-0.0020222031277546356
2024-05-07,1215.9674102329961,729.8687450400688,-0.003369689562476519,1222.5509430234288,-0.005385078493458298
2024-05-08,1218.7042841558184,607.0590154536927,0.002250779009198789,1222.5509430234288,-0.0031464201058954496
2024-05-09,1218.5626449638937,424.25337283031996,-0.00011622113236664511,1222.5509430234288,-0.003262275557754507
2024-05-10,1221.970291418318,612.05028466525,0.0027964474936987838,1222.5509430234288,-0.00047495084636285846
2024-05-13,1217.5858999884797,612.05028466525,-0.0035879689225091216,1222.5509430234288,-0.0040612156599955495
2024-05-14,1222.3510634080926,612.05028466525,0.003913615802924486,1222.5509430234288,-0.00016349389485713047
2024-05-15,1240.0929832752038,612.05028466525,0.014514586192320378,1240.0929832752038,0.0
2024-05-16,1239.4394121407431,612.05028466525,-0.0005270339750931274,1240.0929832752038,-0.000527033975093157
2024-05-17,1238.2979477415174,612.05028466525,-0.0009209521563092737,1240.0929832752038,-0.001447500758326605
2024-05-20,1241.8747348879524,801.7915281777698,0.0028884705437479674,1241.8747348879524,0.0
2024-05-21,1239.9915220875469,937.3871503928774,-0.0015164273396507388,1241.8747348879524,-0.001516427339650691
2024-05-22,1241.026760588737,937.3871503928774,0.0008348754670897129,1241.8747348879524,-0.000682817900544433
2024-05-23,1239.7237120042678,937.3871503928774,-0.0010499762179593253,1241.8747348879524,-0.0017320771759469712
2024-05-24,1244.4647905309575,937.3871503928774,0.00382430252868593,1244.4647905309575,0.0
2024-05-28,1243.6887852173243,1057.9971681775228,-0.0006235655034499965,1244.4647905309575,-0.0006235655034500336
2024-05-29,1241.5272254317401,1241.5272254317401,-0.001738023057919924,1244.4647905309575,-0.0023605047901468397
2024-05-30,1241.5272254317401,1241.5272254317401,0.0,1244.4647905309575,-0.0023605047901468397
2024-05-31,1241.5272254317401,1241.5272254317401,0.0,1244.4647905309575,-0.0023605047901468397
2024-06-03,1241.5272254317401,1241.5272254317401,0.0,1244.4647905309575,-0.0023605047901468397
2024-06-04,1241.5272254317401,1241.5272254317401,0.0,1244.4647905309575,-0.0023605047901468397
2024-06-05,1241.5272254317401,1241.5272254317401,0.0,1244.4647905309575,-0.0023605047901468397
2024-06-06,1241.5272254317401,1241.5272254317401,0.0,1244.4647905309575,-0.0023605047901468397
2024-06-07,1241.5272254317401,1241.5272254317401,0.0,1244.4647905309575,-0.0023605047901468397
2024-06-10,1241.5272254317401,1241.5272254317401,0.0,1244.4647905309575,-0.0023605047901468397
2024-06-11,1241.5272254317401,1241.5272254317401,0.0,1244.4647905309575,-0.0023605047901468397
2024-06-12,1241.5272254317401,1241.5272254317401,0.0,1244.4647905309575,-0.0023605047901468397
2024-06-13,1241.5272254317401,1241.5272254317401,0.0,1244.4647905309575,-0.0023605047901468397
2024-06-14,1241.5272254317401,1241.5272254317401,0.0,1244.4647905309575,-0.0023605047901468397
2024-06-17,1241.5272254317401,1241.5272254317401,0.0,1244.4647905309575,-0.0023605047901468397
2024-06-18,1241.5272254317401,1241.5272254317401,0.0,1244.4647905309575,-0.0023605047901468397
2024-06-20,1241.5272254317401,1241.5272254317401,0.0,1244.4647905309575,-0.0023605047901468397
2024-06-21,1241.5272254317401,1241.5272254317401,0.0,1244.4647905309575,-0.0023605047901468397
2024-06-24,1241.5272254317401,1241.5272254317401,0.0,1244.4647905309575,-0.0023605047901468397
2024-06-25,1241.960034495175,1055.2981416169791,0.00034861020730692083,1244.4647905309575,-0.0020127174789042065
2024-06-26,1242.0292839453246,1055.2981416169791,5.575819529313186e-05,1244.4647905309575,-0.001957071509105429
2024-06-27,1242.9122144347318,1055.2981416169791,0.0007108773527486623,1244.4647905309575,-0.0012475853941703774
2024-06-28,1243.1892122353302,1055.2981416169791,0.0002228619184696523,1244.4647905309575,-0.0010250015149750851
2024-07-01,1242.9122144347318,1055.2981416169791,-0.00022281226210152383,1244.4647905309575,-0.0012475853941703774
2024-07-02,1241.6830366945767,1055.2981416169791,-0.0009889497632092903,1244.4647905309575,-0.002235301358099499
2024-07-03,1242.704466084283,1055.2981416169791,0.0008226168510969689,1244.4647905309575,-0.0014145233035668925
2024-07-05,1240.384609504272,1055.2981416169791,-0.0018667805929117876,1244.4647905309575,-0.003278663291827398
2024-07-08,1238.3763754499341,1055.2981416169791,-0.0016190414158238076,1244.4647905309575,-0.004892396415993223
2024-07-09,1236.110681198854,869.541685299489,-0.0018295683735543022,1244.4647905309575,-0.0067130138157939665
2024-07-10,1232.9791314974314,869.541685299489,-0.0025333894035973747,1244.4647905309575,-0.00922939654132422
2024-07-11,1236.3233102690829,869.541685299489,0.0027122752415038587,1244.4647905309575,-0.006542153963553336
2024-07-12,1237.9406142536968,869.541685299489,0.0013081561846972622,1244.4647905309575,-0.005242555938024689
2024-07-15,1242.8450418790972,1057.6405042682886,0.00396176324528863,1244.4647905309575,-0.0013015624581626905
2024-07-16,1242.6091071647907,1057.6405042682886,-0.00018983437705943906,1244.4647905309575,-0.0014911497539236518
2024-07-17,1245.7057502900652,1057.6405042682886,0.002492049275528041,1245.7057502900652,0.0
2024-07-18,1244.8799787899918,1057.6405042682886,-0.0006628945076966319,1245.7057502900652,-0.0006628945076966471
2024-07-19,1242.6807302030622,1057.6405042682886,-0.0017666350366299932,1245.7057502900652,-0.0024283584516637284
2024-07-22,1244.4165356011754,1057.6405042682886,0.0013968232997620955,1245.7057502900652,-0.0010349271395669853
2024-07-23,1241.842319343294,1057.6405042682886,-0.0020686130280627157,1245.7057502900652,-0.0031013993038657194
2024-07-24,1237.903052238353,1237.903052238353,-0.0031721153672910063,1245.7057502900652,-0.00626367667476478
2024-07-25,1237.903052238353,1237.903052238353,0.0,1245.7057502900652,-0.00626367667476478
2024-07-26,1237.903052238353,1237.903052238353,0.0,1245.7057502900652,-0.00626367667476478
2024-07-29,1237.903052238353,1237.903052238353,0.0,1245.7057502900652,-0.00626367667476478
2024-07-30,1237.903052238353,1237.903052238353,0.0,1245.7057502900652,-0.00626367667476478
2024-07-31,1237.903052238353,1237.903052238353,0.0,1245.7057502900652,-0.00626367667476478
2024-08-01,1238.1297138691273,1052.2175944026,0.00018310127789455954,1245.7057502900652,-0.006081722284073793
2024-08-02,1238.47678949125,1052.2175944026,0.0002803225043668256,1245.7057502900652,-0.0058031046233285605
2024-08-05,1231.4006967055197,1052.2175944026,-0.005713544933399151,1245.7057502900652,-0.011483493257709145
2024-08-06,1232.7252506103562,1052.2175944026,0.0010756481690972208,1245.7057502900652,-0.010420197287109351
2024-08-07,1231.5636097526387,1052.2175944026,-0.0009423355748916507,1245.7057502900652,-0.011352713539400022
2024-08-08,1233.8231428844185,1052.2175944026,0.0018346865024971848,1245.7057502900652,-0.00953885570720036
2024-08-09,1234.29063249789,1052.2175944026,0.000378895157030934,1245.7057502900652,-0.009163574776400518
2024-08-12,1233.9375008217576,867.0739995279166,-0.00028610091240655056,1245.7057502900652,-0.009447053981702659
2024-08-13,1238.6120769233698,867.0739995279166,0.0037883410614387714,1245.7057502900652,-0.005694501582772342
2024-08-14,1243.1408257242638,867.0739995279166,0.0036563092555523813,1245.7057502900652,-0.00205901318606276
2024-08-15,1249.810519476862,680.6028756692771,0.005365195651677146,1249.810519476862,0.0
2024-08-16,1252.2599196378583,566.1951767216822,0.0019598172065486974,1252.2599196378583,0.0
2024-08-19,1259.6368323470256,252.64121305328942,0.005890879835314555,1259.6368323470256,0.0
2024-08-20,1261.8391321716585,252.64121305328942,0.0017483609307689107,1261.8391321716585,0.0
2024-08-21,1262.1366069101573,440.47995638139673,0.00023574695927108813,1262.1366069101573,0.0
2024-08-22,1252.014889519138,440.47995638139673,-0.008019510198502444,1262.1366069101573,-0.008019510198502442
2024-08-23,1257.7935953031174,440.47995638139673,0.004615524809132854,1262.1366069101573,-0.0034409996376478184
2024-08-26,1255.8769309317686,440.47995638139673,-0.0015238306018618974,1262.1366069101573,-0.0049595867389608935
2024-08-27,1250.4107909965662,440.47995638139673,-0.004352448715772561,1262.1366069101573,-0.009290449107800703
2024-08-28,1244.8611790357875,440.47995638139673,-0.004438231020347905,1262.1366069101573,-0.013687446968725425
2024-08-29,1248.2633949458734,440.47995638139673,0.0027330082802654587,1262.1366069101573,-0.010991846594361096
2024-08-30,1261.9845932544554,440.47995638139673,0.010992229976572343,1262.1366069101573,-0.00012044152342119824
2024-09-03,1247.7615674306983,440.47995638139673,-0.011270364075585237,1262.1366069101573,-0.011389448179187689
2024-09-04,1243.5992722801093,623.762260271839,-0.0033358097085485205,1262.1366069101573,-0.014687264855925022
2024-09-05,1249.864083655425,940.3961932576555,0.00503764477429236,1262.1366069101573,-0.009723609304682716
2024-09-06,1239.0803688957333,1239.0803688957333,-0.008627909946938406,1262.1366069101573,-0.018267624826181147
2024-09-09,1239.0803688957333,1239.0803688957333,0.0,1262.1366069101573,-0.018267624826181147
2024-09-10,1239.0803688957333,1239.0803688957333,0.0,1262.1366069101573,-0.018267624826181147
2024-09-11,1239.0803688957333,1239.0803688957333,0.0,1262.1366069101573,-0.018267624826181147
2024-09-12,1239.0803688957333,1239.0803688957333,0.0,1262.1366069101573,-0.018267624826181147
2024-09-13,1239.0803688957333,1239.0803688957333,0.0,1262.1366069101573,-0.018267624826181147
2024-09-16,1239.0803688957333,1239.0803688957333,0.0,1262.1366069101573,-0.018267624826181147
2024-09-17,1240.6418372832163,1053.2183135613732,0.0012601832993888173,1262.1366069101573,-0.017030462082517697
2024-09-18,1241.1859853576423,1053.2183135613732,0.00043860206715051753,1262.1366069101573,-0.016599329611241012
2024-09-19,1243.9303843417035,1053.2183135613732,0.0022111101933450783,1262.1366069101573,-0.014424922364802103
2024-09-20,1245.5628285649814,1053.2183135613732,0.0013123276381272753,1262.1366069101573,-0.013131524950972043
2024-09-23,1239.7333687324233,866.383889276626,-0.004680181279393403,1262.1366069101573,-0.01775024831311999
2024-09-24,1237.2383622638938,866.383889276626,-0.0020125347364655655,1262.1366069101573,-0.01972706005827452
2024-09-25,1234.2674702856732,866.383889276626,-0.0024012284688493812,1262.1366069101573,-0.02208091934890524
2024-09-26,1245.0741370933363,866.383889276626,0.008755530764463781,1262.1366069101573,-0.013518718753108458
2024-09-27,1244.7422655670564,866.383889276626,-0.0002665476025826008,1262.1366069101573,-0.013781662973617471
2024-09-30,1248.9339636340624,866.383889276626,0.0033675228864318285,1262.1366069101573,-0.010460550152662465
2024-10-01,1246.8436497082628,866.383889276626,-0.0016736785023584444,1262.1366069101573,-0.012116721057107507
2024-10-02,1245.0244327294258,866.383889276626,-0.0014590578211330918,1262.1366069101573,-0.013558099881615722
2024-10-03,1244.0653908557924,866.383889276626,-0.0007702996410527962,1262.1366069101573,-0.014317955723196317
2024-10-04,1251.9653044948502,866.383889276626,0.006350079101246742,1262.1366069101573,-0.008058796773359975
2024-10-07,1247.930100242197,1058.0777924521162,-0.003223095910218743,1262.1366069101573,-0.011255918408657207
2024-10-08,1248.3759239418487,1058.0777924521162,0.00035725053796276107,1262.1366069101573,-0.010902689053601118
2024-10-09,1249.1646889489245,1058.0777924521162,0.0006318329214369811,1262.1366069101573,-0.010277744810040304
2024-10-10,1249.8848656945156,1058.0777924521162,0.000576526659745058,1262.1366069101573,-0.009707143544180398
2024-10-11,1260.5160462246681,1260.5160462246681,0.008505727864978274,1262.1366069101573,-0.0012839820005351747
2024-10-14,1260.5160462246681,1260.5160462246681,0.0,1262.1366069101573,-0.0012839820005351747
2024-10-15,1260.5160462246681,1260.5160462246681,0.0,1262.1366069101573,-0.0012839820005351747
2024-10-16,1259.1923103803617,1071.4386392909678,-0.0010501539018651362,1262.1366069101573,-0.0023327875236924724
2024-10-17,1259.1010182531681,1071.4386392909678,-7.250054375407267e-05,1262.1366069101573,-0.002405118939082662
2024-10-18,1259.1352528008658,1071.4386392909678,2.718967517401083e-05,1262.1366069101573,-0.002377994658311273
2024-10-21,1257.2751757092976,1071.4386392909678,-0.0014772655180852468,1262.1366069101573,-0.0038517472468855515
2024-10-22,1257.4235254159871,1071.4386392909678,0.0001179930293349063,1262.1366069101573,-0.003734208696876561
2024-10-23,1257.3208217728943,1071.4386392909678,-8.167784443102732e-05,1262.1366069101573,-0.0038155815391905466
2024-10-24,1257.3208217728943,1071.4386392909678,0.0,1262.1366069101573,-0.0038155815391905466
2024-10-25,1255.8145016742012,1071.4386392909678,-0.0011980395716100212,1262.1366069101573,-0.005009049893127863
2024-10-28,1256.9898878118179,1071.4386392909678,0.0009359552195404852,1262.1366069101573,-0.004077782919979736
2024-10-29,1254.6847616001812,1071.4386392909678,-0.0018338462655809185,1262.1366069101573,-0.005904151158580986
2024-10-30,1253.6120791056574,1253.6120791056574,-0.0008549418366696759,1262.1366069101573,-0.006754045289415127
2024-10-31,1253.6120791056574,1253.6120791056574,0.0,1262.1366069101573,-0.006754045289415127
2024-11-01,1253.6120791056574,1253.6120791056574,0.0,1262.1366069101573,-0.006754045289415127
2024-11-04,1253.6120791056574,1253.6120791056574,0.0,1262.1366069101573,-0.006754045289415127
2024-11-05,1253.6120791056574,1253.6120791056574,0.0,1262.1366069101573,-0.006754045289415127
2024-11-06,1253.6120791056574,1253.6120791056574,0.0,1262.1366069101573,-0.006754045289415127
2024-11-07,1253.6120791056574,1253.6120791056574,0.0,1262.1366069101573,-0.006754045289415127
2024-11-08,1253.6120791056574,1253.6120791056574,0.0,1262.1366069101573,-0.006754045289415127
2024-11-11,1253.6120791056574,1253.6120791056574,0.0,1262.1366069101573,-0.006754045289415127
2024-11-12,1253.6120791056574,1253.6120791056574,0.0,1262.1366069101573,-0.006754045289415127
2024-11-13,1253.6120791056574,1253.6120791056574,0.0,1262.1366069101573,-0.006754045289415127
2024-11-14,1254.1881731897781,1065.5702672398088,0.0004595473302488884,1262.1366069101573,-0.006297601762647365
2024-11-15,1256.9745874333823,1065.5702672398088,0.0022216875451133156,1262.1366069101573,-0.004089905520934158
2024-11-18,1258.3854300883718,1065.5702672398088,0.001122411438619686,1262.1366069101573,-0.0029720846390540834
2024-11-19,1258.4089441326216,1065.5702672398088,1.8685884060287705e-05,1262.1366069101573,-0.002953454291022728
2024-11-20,1258.491243287496,1065.5702672398088,6.539937216598624e-05,1262.1366069101573,-0.0028882480729130735
2024-11-21,1260.63102131423,1065.5702672398088,0.0017002724795640578,1262.1366069101573,-0.0011928864020615154
2024-11-22,1264.5578667039508,1264.5578667039508,0.0031149839432214055,1264.5578667039508,0.0
2024-11-25,1264.5578667039508,1264.5578667039508,0.0,1264.5578667039508,0.0
2024-11-26,1264.5578667039508,1264.5578667039508,0.0,1264.5578667039508,0.0
2024-11-27,1264.5578667039508,1264.5578667039508,0.0,1264.5578667039508,0.0
2024-11-29,1264.5578667039508,1264.5578667039508,0.0,1264.5578667039508,0.0
2024-12-02,1264.5578667039508,1264.5578667039508,0.0,1264.5578667039508,0.0
2024-12-03,1264.5578667039508,1264.5578667039508,0.0,1264.5578667039508,0.0
2024-12-04,1264.5578667039508,1264.5578667039508,0.0,1264.5578667039508,0.0
2024-12-05,1264.5578667039508,1264.5578667039508,0.0,1264.5578667039508,0.0
2024-12-06,1264.5578667039508,1264.5578667039508,0.0,1264.5578667039508,0.0
2024-12-09,1264.5578667039508,1264.5578667039508,0.0,1264.5578667039508,0.0
2024-12-10,1264.5578667039508,1264.5578667039508,0.0,1264.5578667039508,0.0
2024-12-11,1264.5578667039508,1264.5578667039508,0.0,1264.5578667039508,0.0
2024-12-12,1264.5578667039508,1264.5578667039508,0.0,1264.5578667039508,0.0
2024-12-13,1264.5578667039508,1264.5578667039508,0.0,1264.5578667039508,0.0
2024-12-16,1264.5578667039508,1264.5578667039508,0.0,1264.5578667039508,0.0
2024-12-17,1264.5578667039508,1264.5578667039508,0.0,1264.5578667039508,0.0
2024-12-18,1264.5578667039508,1264.5578667039508,0.0,1264.5578667039508,0.0
2024-12-19,1264.5578667039508,1264.5578667039508,0.0,1264.5578667039508,0.0
2024-12-20,1264.5578667039508,1264.5578667039508,0.0,1264.5578667039508,0.0
2024-12-23,1264.5578667039508,1264.5578667039508,0.0,1264.5578667039508,0.0
2024-12-24,1264.5578667039508,1264.5578667039508,0.0,1264.5578667039508,0.0
2024-12-26,1264.5578667039508,1264.5578667039508,0.0,1264.5578667039508,0.0
2024-12-27,1264.5578667039508,1264.5578667039508,0.0,1264.5578667039508,0.0
2024-12-30,1264.5578667039508,1264.5578667039508,0.0,1264.5578667039508,0.0
